arrival_rate,idle_timer,average_delay
0.1,1,1.2316279546066444
0.11457286432160804,1,1.2312194459940784
0.12914572864321608,1,1.2307643193896758
0.14371859296482414,1,1.2302609144181105
0.15829145728643218,1,1.2297077164477521
0.17286432160804022,1,1.2291033587049724
0.18743718592964825,1,1.2284466239659226
0.2020100502512563,1,1.2277364458265703
0.21658291457286433,1,1.2269719095539644
0.23115577889447236,1,1.2261522525238095
0.2457286432160804,1,1.225276864251454
0.26030150753768844,1,1.2243452860253108
0.27487437185929653,1,1.2233572101535506
0.2894472361809045,1,1.2223124788365751
0.3040201005025126,1,1.2212110826793485
0.3185929648241206,1,1.22005315885907
0.3331658291457287,1,1.218838988964953
0.34773869346733666,1,1.2175689965279912
0.36231155778894475,1,1.2162437442595824
0.37688442211055273,1,1.2148639310186922
0.3914572864321608,1,1.2134303885279354
0.4060301507537688,1,1.2119440778594668
0.4206030150753769,1,1.2104060857119667
0.4351758793969849,1,1.2088176205002552
0.44974874371859297,1,1.207180008279175
0.46432160804020106,1,1.2054946885233648
0.47889447236180904,1,1.203763209784415
0.49346733668341713,1,1.2019872252466313
0.5080402010050251,1,1.2001684882022867
0.5226130653266332,1,1.1983088474667738
0.5371859296482412,1,1.1964102427535328
0.5517587939698493,1,1.1944747000280016
0.5663316582914573,1,1.1925043268591438
0.5809045226130654,1,1.1905013077863509
0.5954773869346733,1,1.1884678997187053
0.6100502512562814,1,1.1864064273827484
0.6246231155778894,1,1.1843192788340025
0.6391959798994975,1,1.18220890104659
0.6537688442211055,1,1.1800777955943589
0.6683417085427136,1,1.1779285144359906
0.6829145728643216,1,1.1757636558156142
0.6974874371859296,1,1.1735858602895177
0.7120603015075376,1,1.1713978068886155
0.7266331658291457,1,1.1692022094254144
0.7412060301507537,1,1.1670018129533304
0.7557788944723618,1,1.164799390385337
0.7703517587939698,1,1.1625977392780926
0.7849246231155779,1,1.1603996787868769
0.799497487437186,1,1.158208046795918
0.8140703517587939,1,1.1560256972279415
0.828643216080402,1,1.1538554975360995
0.84321608040201,1,1.151700326380785
0.8577889447236181,1,1.1495630714932488
0.8723618090452261,1,1.1474466277273656
0.8869346733668342,1,1.14535389530041
0.9015075376884422,1,1.14328777822323
0.9160804020100503,1,1.1412511829197964
0.9306532663316582,1,1.1392470170357523
0.9452261306532663,1,1.137278188435256
0.9597989949748743,1,1.1353476043851538
0.9743718592964824,1,1.1334581709252793
0.9889447236180904,1,1.1316127924235206
1.0035175879396985,1,1.1298143713141324
1.0180904522613066,1,1.1280658080177086
1.0326633165829147,1,1.1263700010411561
1.0472361809045228,1,1.1247298472560256
1.0618090452261306,1,1.1231482423535717
1.0763819095477387,1,1.121628081474995
1.0909547738693468,1,1.1201722600154307
1.105527638190955,1,1.1187836746003916
1.120100502512563,1,1.117465224233564
1.1346733668341709,1,1.116219811615077
1.149246231155779,1,1.1150503446296132
1.163819095477387,1,1.1139597380040382
1.1783919597989951,1,1.1129509151345394
1.192964824120603,1,1.1120268100836341
1.207537688442211,1,1.1111903697478003
1.2221105527638192,1,1.1104445561969245
1.2366834170854273,1,1.1097923491872184
1.2512562814070352,1,1.109236748849772
1.2658291457286432,1,1.10878077855745
1.2804020100502513,1,1.108427487973421
1.2949748743718594,1,1.1081799562852366
1.3095477386934675,1,1.1080412956290377
1.3241206030150754,1,1.1080146547091914
1.3386934673366835,1,1.108103222619402
1.3532663316582916,1,1.108310232872179
1.3678391959798997,1,1.1086389676443835
1.3824120603015075,1,1.1090927622475295
1.3969849246231156,1,1.1096750098324857
1.4115577889447237,1,1.110389166339298
1.4261306532663318,1,1.1112387557039871
1.4407035175879397,1,1.1122273753353868
1.4552763819095478,1,1.1133587018764095
1.4698492462311559,1,1.114636497265523
1.484422110552764,1,1.116064615115743
1.498994974874372,1,1.1176470074300742
1.51356783919598,1,1.1193877316741
1.528140703517588,1,1.1212909582283246
1.542713567839196,1,1.1233609782449308
1.5572864321608042,1,1.1256022119358629
1.571859296482412,1,1.128019217321557
1.5864321608040202,1,1.1306166994722955
1.6010050251256283,1,1.133399520277024
1.6155778894472363,1,1.1363727087776094
1.6301507537688442,1,1.13954147210993
1.6447236180904523,1,1.1429112070969307
1.6592964824120604,1,1.1464875125428635
1.6738693467336685,1,1.1502762022824187
1.6884422110552764,1,1.1542833190433694
1.7030150753768845,1,1.1585151491867618
1.7175879396984925,1,1.162978238394622
1.7321608040201006,1,1.1676794083817188
1.7467336683417087,1,1.17262577471513
1.7613065326633166,1,1.1778247658333603
1.7758793969849247,1,1.18328414336558
1.7904522613065328,1,1.1890120238613322
1.8050251256281409,1,1.1950169020518995
1.8195979899497488,1,1.2013076757765655
1.8341708542713568,1,1.207893672720384
1.848743718592965,1,1.2147846791249748
1.863316582914573,1,1.2219909706504897
1.877889447236181,1,1.229523345585428
1.892462311557789,1,1.2373931606217357
1.907035175879397,1,1.2456123694358434
1.9216080402010052,1,1.2541935643423414
1.936180904522613,1,1.2631500213162374
1.9507537688442211,1,1.2724957487126525
1.9653266331658292,1,1.2822455400498627
1.9798994974874373,1,1.292415031263439
1.9944723618090454,1,1.3030207628865027
2.0090452261306533,1,1.3140802476646554
2.023618090452261,1,1.325612044174861
2.0381909547738695,1,1.3376358370865553
2.0527638190954773,1,1.3501725247818048
2.067336683417085,1,1.363244315140933
2.0819095477386935,1,1.3768748304024123
2.0964824120603014,1,1.3910892221230697
2.1110552763819097,1,1.4059142973992094
2.1256281407035176,1,1.421378657663952
2.140201005025126,1,1.4375128515544535
2.1547738693467338,1,1.4543495435486173
2.1693467336683416,1,1.4719237003094725
2.18391959798995,1,1.490272796952199
2.198492462311558,1,1.5094370457709694
2.213065326633166,1,1.5294596503385933
2.227638190954774,1,1.550387088331617
2.242211055276382,1,1.5722694269493065
2.25678391959799,1,1.5951606754016885
2.271356783919598,1,1.6191191796578346
2.285929648241206,1,1.64420806549308
2.3005025125628142,1,1.6704957368802495
2.315075376884422,1,1.6980564379691123
2.3296482412060304,1,1.7269708883320192
2.3442211055276383,1,1.7573270028741312
2.358793969849246,1,1.7892207098790938
2.3733668341708545,1,1.8227568831671164
2.3879396984924623,1,1.858050407385644
2.40251256281407,1,1.8952273991640152
2.4170854271356785,1,1.9344266114097022
2.4316582914572864,1,1.9758010536191224
2.4462311557788947,1,2.0195198679965936
2.4608040201005026,1,2.065770509778928
2.4753768844221105,1,2.1147612909181897
2.4899497487437188,1,2.1667243597955865
2.5045226130653266,1,2.221919206738995
2.519095477386935,1,2.280636806879612
2.533668341708543,1,2.3432045397669627
2.5482412060301507,1,2.4099920611407386
2.562814070351759,1,2.4814183490306694
2.577386934673367,1,2.5579602076443053
2.5919597989949748,1,2.6401625934910267
2.606532663316583,1,2.728651236175209
2.621105527638191,1,2.824148171655428
2.6356783919597992,1,2.927491003461588
2.650251256281407,1,3.0396569791922663
2.664824120603015,1,3.1617933478138287
2.6793969849246233,1,3.295255996199469
2.693969849246231,1,3.4416591246562365
2.7085427135678395,1,3.6029398250872617
2.7231155778894474,1,3.781443052234996
2.7376884422110552,1,3.980034918649644
2.7522613065326635,1,4.202255976094461
2.7668341708542714,1,4.452531977455537
2.7814070351758793,1,4.736468943393094
2.7959798994974876,1,5.061274686106382
2.8105527638190955,1,5.4363748825058344
2.825125628140704,1,5.874337183948412
2.8396984924623117,1,6.392299385805042
2.8542713567839195,1,7.01425449874486
2.868844221105528,1,7.774859200850822
2.8834170854271357,1,8.72609862879632
2.897989949748744,1,9.949663847146454
2.912562814070352,1,11.581706786930908
2.9271356783919598,1,13.867301110473056
2.941708542713568,1,17.2965943734255
2.956281407035176,1,23.013264510831892
2.970854271356784,1,34.448345781316156
2.985427135678392,1,68.75701037629511
3.0,1,
0.1,2,1.145034844378652
0.11457286432160804,2,1.1326220395436515
0.12914572864321608,2,1.1203336467153437
0.14371859296482414,2,1.108173257374111
0.15829145728643218,2,1.09614462466289
0.17286432160804022,2,1.0842516214953661
0.18743718592964825,2,1.0724982009240138
0.2020100502512563,2,1.0608883589538347
0.21658291457286433,2,1.0494260999432161
0.23115577889447236,2,1.0381154046912047
0.2457286432160804,2,1.02696020127108
0.26030150753768844,2,1.0159643386338968
0.27487437185929653,2,1.0051315629728836
0.2894472361809045,2,0.9944654968104146
0.3040201005025126,2,0.9839696207438007
0.3185929648241206,2,0.9736472577643153
0.3331658291457287,2,0.9635015600456465
0.34773869346733666,2,0.953535498083147
0.36231155778894475,2,0.9437518520536846
0.37688442211055273,2,0.9341532052573205
0.3914572864321608,2,0.9247419394962169
0.4060301507537688,2,0.915520232242834
0.4206030150753769,2,0.9064900554483216
0.4351758793969849,2,0.8976531758428066
0.44974874371859297,2,0.8890111565816962
0.46432160804020106,2,0.8805653600959725
0.47889447236180904,2,0.8723169520094263
0.49346733668341713,2,0.8642669059917056
0.5080402010050251,2,0.8564160094226837
0.5226130653266332,2,0.8487648697508173
0.5371859296482412,2,0.8413139214356987
0.5517587939698493,2,0.8340634333727353
0.5663316582914573,2,0.82701351670573
0.5809045226130654,2,0.8201641329409275
0.5954773869346733,2,0.8135151022837788
0.6100502512562814,2,0.807066112127163
0.6246231155778894,2,0.8008167256270409
0.6391959798994975,2,0.7947663903084362
0.6537688442211055,2,0.7889144466512291
0.6683417085427136,2,0.7832601366114635
0.6829145728643216,2,0.777802612039699
0.6974874371859296,2,0.772540942963376
0.7120603015075376,2,0.7674741257052099
0.7266331658291457,2,0.7626010908142666
0.7412060301507537,2,0.7579207107906483
0.7557788944723618,2,0.7534318075885894
0.7703517587939698,2,0.7491331598863138
0.7849246231155779,2,0.7450235101141647
0.799497487437186,2,0.7411015712354022
0.8140703517587939,2,0.7373660332766061
0.828643216080402,2,0.7338155696068962
0.84321608040201,2,0.7304488429671907
0.8577889447236181,2,0.7272645112524768
0.8723618090452261,2,0.7242612330516138
0.8869346733668342,2,0.7214376729505085
0.9015075376884422,2,0.7187925066056543
0.9160804020100503,2,0.7163244255959964
0.9306532663316582,2,0.7140321420619077
0.9452261306532663,2,0.7119143931407509
0.9597989949748743,2,0.7099699452090658
0.9743718592964824,2,0.7081975979418824
0.9889447236180904,2,0.7065961882000318
1.0035175879396985,2,0.7051645937566091
1.0180904522613066,2,0.7039017368739688
1.0326633165829147,2,0.7028065877427844
1.0472361809045228,2,0.7018781677948286
1.0618090452261306,2,0.7011155529011893
1.0763819095477387,2,0.7005178764676898
1.0909547738693468,2,0.7000843324392909
1.105527638190955,2,0.6998141782252603
1.120100502512563,2,0.6997067375568793
1.1346733668341709,2,0.6997614032894484
1.149246231155779,2,0.6999776401603364
1.163819095477387,2,0.7003549875148148
1.1783919597989951,2,0.7008930620114194
1.192964824120603,2,0.7015915603186065
1.207537688442211,2,0.7024502618145023
1.2221105527638192,2,0.7034690313016134
1.2366834170854273,2,0.7046478217484506
1.2512562814070352,2,0.7059866770701407
1.2658291457286432,2,0.7074857349602577
1.2804020100502513,2,0.7091452297862911
1.2949748743718594,2,0.7109654955614149
1.3095477386934675,2,0.7129469690054896
1.3241206030150754,2,0.7150901927085709
1.3386934673366835,2,0.7173958184105749
1.3532663316582916,2,0.7198646104111998
1.3678391959798997,2,0.722497449124702
1.3824120603015075,2,0.7252953347947055
1.3969849246231156,2,0.7282593913848655
1.4115577889447237,2,0.7313908706619362
1.4261306532663318,2,0.7346911564886024
1.4407035175879397,2,0.7381617693443441
1.4552763819095478,2,0.7418043710936025
1.4698492462311559,2,0.7456207700216353
1.484422110552764,2,0.7496129261596827
1.498994974874372,2,0.7537829569224256
1.51356783919598,2,0.7581331430822217
1.528140703517588,2,0.7626659351062655
1.542713567839196,2,0.7673839598846403
1.5572864321608042,2,0.7722900278792393
1.571859296482412,2,0.7773871407257504
1.5864321608040202,2,0.7826784993233241
1.6010050251256283,2,0.7881675124492279
1.6155778894472363,2,0.7938578059387323
1.6301507537688442,2,0.7997532324737208
1.6447236180904523,2,0.8058578820270773
1.6592964824120604,2,0.8121760930138484
1.6738693467336685,2,0.8187124642044973
1.6884422110552764,2,0.8254718674603584
1.7030150753768845,2,0.8324594613566623
1.7175879396984925,2,0.8396807057643271
1.7321608040201006,2,0.8471413774681498
1.7467336683417087,2,0.8548475869061425
1.7613065326633166,2,0.8628057961226393
1.7758793969849247,2,0.8710228380365356
1.7904522613065328,2,0.8795059371356979
1.8050251256281409,2,0.888262731719354
1.8195979899497488,2,0.8973012978222168
1.8341708542713568,2,0.9066301749674205
1.848743718592965,2,0.9162583939101686
1.863316582914573,2,0.9261955065505575
1.877889447236181,2,0.936451618212519
1.892462311557789,2,0.9470374225065223
1.907035175879397,2,0.9579642390168382
1.9216080402010052,2,0.969244054080174
1.936180904522613,2,0.9808895649516906
1.9507537688442211,2,0.9929142276872693
1.9653266331658292,2,1.0053323091079318
1.9798994974874373,2,1.018158943254105
1.9944723618090454,2,1.0314101927846766
2.0090452261306533,2,1.045103115829286
2.023618090452261,2,1.0592558388629958
2.0381909547738695,2,1.0738876362414578
2.0527638190954773,2,1.0890190171132195
2.067336683417085,2,1.1046718205153891
2.0819095477386935,2,1.1208693195612414
2.0964824120603014,2,1.1376363357455805
2.1110552763819097,2,1.1549993645282224
2.1256281407035176,2,1.172986713510637
2.140201005025126,2,1.1916286546991486
2.1547738693467338,2,1.2109575925540306
2.1693467336683416,2,1.2310082497623878
2.18391959798995,2,1.251817872949515
2.198492462311558,2,1.2734264608656052
2.213065326633166,2,1.2958770179605008
2.227638190954774,2,1.3192158366988291
2.242211055276382,2,1.343492812483652
2.25678391959799,2,1.3687617956634957
2.271356783919598,2,1.3950809858136366
2.285929648241206,2,1.4225133743300282
2.3005025125628142,2,1.4511272423806356
2.315075376884422,2,1.4809967224580893
2.3296482412060304,2,1.51220243321131
2.3442211055276383,2,1.5448321989542078
2.358793969849246,2,1.5789818673220102
2.3733668341708545,2,1.6147562410518828
2.3879396984924623,2,1.6522701429077284
2.40251256281407,2,1.691649636480275
2.4170854271356785,2,1.7330334301397523
2.4316582914572864,2,1.77657449701387
2.4462311557788947,2,1.8224419507843832
2.4608040201005026,2,1.87082322569947
2.4753768844221105,2,1.9219266199541696
2.4899497487437188,2,1.9759842751115915
2.5045226130653266,2,2.033255681337126
2.519095477386935,2,2.0940318199808945
2.533668341708543,2,2.158640082927427
2.5482412060301507,2,2.227450144110769
2.562814070351759,2,2.3008810053660134
2.577386934673367,2,2.3794095000768665
2.5919597989949748,2,2.463580619067347
2.606532663316583,2,2.554020131170322
2.621105527638191,2,2.6514501162695345
2.6356783919597992,2,2.7567082263067895
2.650251256281407,2,2.870771761576395
2.664824120603015,2,2.9947880278281747
2.6793969849246233,2,3.130112972617044
2.693969849246231,2,3.278360860646976
2.7085427135678395,2,3.4414688517564094
2.7231155778894474,2,3.6217819719907016
2.7376884422110552,2,3.8221664084056446
2.7522613065326635,2,4.0461627903135176
2.7668341708542714,2,4.29819695103914
2.7814070351758793,2,4.5838749944227795
2.7959798994974876,2,4.910404818441836
2.8105527638190955,2,5.287212188244791
2.825125628140704,2,5.726864845753221
2.8396984924623117,2,6.246500679100608
2.8542713567839195,2,6.870112793792517
2.868844221105528,2,7.632357964702568
2.8834170854271357,2,8.585221427133682
2.897989949748744,2,9.81039434600815
2.912562814070352,2,11.444028754333301
2.9271356783919598,2,13.731198417927299
2.941708542713568,2,17.162050997355134
2.956281407035176,2,22.88026453389455
2.970854271356784,2,34.316873393632875
2.985427135678392,2,68.6270498765907
3.0,2,
0.1,3,1.0670975325513166
0.11457286432160804,3,1.0453037295635799
0.12914572864321608,3,1.0241221623219776
0.14371859296482414,3,1.0035495519491127
0.15829145728643218,3,0.9835820478099377
0.17286432160804022,3,0.9642152077185594
0.18743718592964825,3,0.9454439906174857
0.2020100502512563,3,0.9272627601982754
0.21658291457286433,3,0.9096652979480927
0.23115577889447236,3,0.8926448241541454
0.2457286432160804,3,0.8761940254705584
0.26030150753768844,3,0.8603050877435793
0.27487437185929653,3,0.8449697328953549
0.2894472361809045,3,0.8301792587788277
0.3040201005025126,3,0.815924581032286
0.3185929648241206,3,0.8021962760782028
0.3331658291457287,3,0.7889846245243707
0.34773869346733666,3,0.7762796543338102
0.36231155778894475,3,0.7640711832318624
0.37688442211055273,3,0.7523488599132084
0.3914572864321608,3,0.7411022036976007
0.4060301507537688,3,0.7303206423605404
0.4206030150753769,3,0.7199935479339794
0.4351758793969849,3,0.7101102703325511
0.44974874371859297,3,0.7006601687132107
0.46432160804020106,3,0.6916326405209947
0.47889447236180904,3,0.6830171482114241
0.49346733668341713,3,0.6748032436715246
0.5080402010050251,3,0.666980590387107
0.5226130653266332,3,0.6595389834244969
0.5371859296482412,3,0.6524683673109265
0.5517587939698493,3,0.645758851909854
0.5663316582914573,3,0.6394007263961462
0.5809045226130654,3,0.6333844714417952
0.5954773869346733,3,0.6277007697261324
0.6100502512562814,3,0.622340514885738
0.6246231155778894,3,0.6172948190188021
0.6391959798994975,3,0.6125550188568762
0.6537688442211055,3,0.6081126807140727
0.6683417085427136,3,0.6039596043200299
0.6829145728643216,3,0.6000878256386083
0.6974874371859296,3,0.5964896187694715
0.7120603015075376,3,0.5931574970245934
0.7266331658291457,3,0.590084213266455
0.7412060301507537,3,0.5872627595893269
0.7557788944723618,3,0.584686366419698
0.7703517587939698,3,0.582348501106642
0.7849246231155779,3,0.5802428660677802
0.799497487437186,3,0.5783633965515461
0.8140703517587939,3,0.5767042580717003
0.828643216080402,3,0.5752598435655215
0.84321608040201,3,0.5740247703228085
0.8577889447236181,3,0.5729938767288039
0.8723618090452261,3,0.5721622188603546
0.8869346733668342,3,0.5715250669711097
0.9015075376884422,3,0.5710779018982666
0.9160804020100503,3,0.5708164114203522
0.9306532663316582,3,0.5707364865927222
0.9452261306532663,3,0.5708342180848952
0.9597989949748743,3,0.571105892541487
0.9743718592964824,3,0.5715479889863676
0.9889447236180904,3,0.5721571752877115
1.0035175879396985,3,0.5729303046998584
1.0180904522613066,3,0.5738644124963085
1.0326633165829147,3,0.5749567127067564
1.0472361809045228,3,0.5762045949698031
1.0618090452261306,3,0.5776056215118585
1.0763819095477387,3,0.5791575242617576
1.0909547738693468,3,0.5808582021097608
1.105527638190955,3,0.5827057183188519
1.120100502512563,3,0.584698298095627
1.1346733668341709,3,0.5868343263275287
1.149246231155779,3,0.5891123454927572
1.163819095477387,3,0.5915310537488391
1.1783919597989951,3,0.594089303205593
1.192964824120603,3,0.5967860983880472
1.207537688442211,3,0.5996205948947789
1.2221105527638192,3,0.6025920982571209
1.2366834170854273,3,0.6057000630047332
1.2512562814070352,3,0.6089440919431626
1.2658291457286432,3,0.6123239356491964
1.2804020100502513,3,0.615839492190074
1.2949748743718594,3,0.619490807072946
1.3095477386934675,3,0.6232780734313522
1.3241206030150754,3,0.6272016324559445
1.3386934673366835,3,0.6312619740772071
1.3532663316582916,3,0.6354597379085105
1.3678391959798997,3,0.6397957144585042
1.3824120603015075,3,0.6442708466225856
1.3969849246231156,3,0.648886231464
1.4115577889447237,3,0.6536431222960256
1.4261306532663318,3,0.6585429310776773
1.4407035175879397,3,0.6635872311364497
1.4552763819095478,3,0.6687777602327927
1.4698492462311559,3,0.6741164239823003
1.484422110552764,3,0.6796052996530035
1.498994974874372,3,0.6852466403566796
1.51356783919598,3,0.6910428796547634
1.528140703517588,3,0.6969966366012658
1.542713567839196,3,0.7031107212470825
1.5572864321608042,3,0.7093881406322423
1.571859296482412,3,0.7158321052950012
1.5864321608040202,3,0.7224460363292734
1.6010050251256283,3,0.7292335730246926
1.6155778894472363,3,0.7361985811266959
1.6301507537688442,3,0.7433451617573762
1.6447236180904523,3,0.7506776610415632
1.6592964824120604,3,0.7582006804866259
1.6738693467336685,3,0.7659190881689547
1.6884422110552764,3,0.7738380307849638
1.7030150753768845,3,0.7819629466298299
1.7175879396984925,3,0.7902995795731167
1.7321608040201006,3,0.7988539941069582
1.7467336683417087,3,0.8076325915496919
1.7613065326633166,3,0.8166421274957939
1.7758793969849247,3,0.8258897306117968
1.7904522613065328,3,0.8353829228876236
1.8050251256281409,3,0.8451296414636266
1.8195979899497488,3,0.8551382621656339
1.8341708542713568,3,0.8654176248937067
1.848743718592965,3,0.8759770610251935
1.863316582914573,3,0.8868264230093068
1.877889447236181,3,0.8979761163489774
1.892462311557789,3,0.909437134186504
1.907035175879397,3,0.9212210947327354
1.9216080402010052,3,0.933340281805578
1.936180904522613,3,0.9458076887728755
1.9507537688442211,3,0.9586370662276147
1.9653266331658292,3,0.9718429737604886
1.9798994974874373,3,0.9854408362366901
1.9944723618090454,3,0.9994470050310876
2.0090452261306533,3,1.0138788247294932
2.023618090452261,3,1.0287547058644544
2.0381909547738695,3,1.0440942043230181
2.0527638190954773,3,1.059918108142471
2.067336683417085,3,1.0762485324996722
2.0819095477386935,3,1.0931090238019896
2.0964824120603014,3,1.1105246739051036
2.1110552763819097,3,1.1285222456175314
2.1256281407035176,3,1.1471303108064186
2.140201005025126,3,1.1663794025975291
2.1547738693467338,3,1.186302183368332
2.1693467336683416,3,1.2069336304716531
2.18391959798995,3,1.2283112419041908
2.198492462311558,3,1.2504752644563848
2.213065326633166,3,1.2734689472559733
2.227638190954774,3,1.2973388240572485
2.242211055276382,3,1.3221350281438096
2.25678391959799,3,1.3479116443193746
2.271356783919598,3,1.3747271031772441
2.285929648241206,3,1.4026446236865187
2.3005025125628142,3,1.4317327111395832
2.315075376884422,3,1.4620657187045165
2.3296482412060304,3,1.4937244822598499
2.3442211055276383,3,1.5267970399095518
2.358793969849246,3,1.561379449648586
2.3733668341708545,3,1.5975767211555023
2.3879396984924623,3,1.6355038807317668
2.40251256281407,3,1.6752871921187507
2.4170854271356785,3,1.7170655604695209
2.4316582914572864,3,1.760992152347973
2.4462311557788947,3,1.8072362715484513
2.4608040201005026,3,1.8559855391329263
2.4753768844221105,3,1.9074484368378533
2.4899497487437188,3,1.9618572865232817
2.5045226130653266,3,2.0194717554363377
2.519095477386935,3,2.0805829988241893
2.533668341708543,3,2.145518579315379
2.5482412060301507,3,2.2146483384676303
2.562814070351759,3,2.288391442653011
2.577386934673367,3,2.3672248867399786
2.5919597989949748,3,2.4516938200203313
2.606532663316583,3,2.542424166813659
2.621105527638191,3,2.6401381595459017
2.6356783919597992,3,2.745673599793588
2.650251256281407,3,2.8600079346157936
2.664824120603015,3,2.984288613695062
2.6793969849246233,3,3.1198717257252295
2.693969849246231,3,3.2683716737939132
2.7085427135678395,3,3.4317257534066643
2.7231155778894474,3,3.6122791235983454
2.7376884422110552,3,3.8128981017756844
2.7522613065326635,3,4.037123445002456
2.7668341708542714,3,4.289381111794696
2.7814070351758793,3,4.575277328662769
2.7959798994974876,3,4.902020113772177
2.8105527638190955,3,5.279035350016557
2.825125628140704,3,5.718890894658642
2.8396984924623117,3,6.238724748807874
2.8542713567839195,3,6.8625301286192375
2.868844221105528,3,7.624963917327679
2.8834170854271357,3,8.578011456347598
2.897989949748744,3,9.803364014500925
2.912562814070352,3,11.437173726520532
2.9271356783919598,3,13.7245144578135
2.941708542713568,3,17.15553396643429
2.956281407035176,3,22.873910389087527
2.970854271356784,3,34.310678185261374
2.985427135678392,3,68.6210097463874
3.0,3,
0.1,4,0.9969127041751095
0.11457286432160804,4,0.9679116918615815
0.12914572864321608,4,0.9402029361172645
0.14371859296482414,4,0.9137517966032902
0.15829145728643218,4,0.8885228761356294
0.17286432160804022,4,0.8644801825846615
0.18743718592964825,4,0.8415872942429311
0.2020100502512563,4,0.8198075241085937
0.21658291457286433,4,0.7991040794214604
0.23115577889447236,4,0.7794402136056302
0.2457286432160804,4,0.7607793685041826
0.26030150753768844,4,0.7430853054309347
0.27487437185929653,4,0.7263222241108812
0.2894472361809045,4,0.7104548690376874
0.3040201005025126,4,0.6954486231493086
0.3185929648241206,4,0.6812695890191074
0.3331658291457287,4,0.6678846579882357
0.34773869346733666,4,0.6552615678344753
0.36231155778894475,4,0.6433689496918653
0.37688442211055273,4,0.6321763650125917
0.3914572864321608,4,0.621654333405329
0.4060301507537688,4,0.6117743521993553
0.4206030150753769,4,0.6025089085772288
0.4351758793969849,4,0.5938314850958284
0.44974874371859297,4,0.5857165593804119
0.46432160804020106,4,0.5781395987327239
0.47889447236180904,4,0.5710770503450097
0.49346733668341713,4,0.5645063277594858
0.5080402010050251,4,0.558405794159256
0.5226130653266332,4,0.5527547430232886
0.5371859296482412,4,0.5475333766260237
0.5517587939698493,4,0.5427227828121889
0.5663316582914573,4,0.5383049104301071
0.5809045226130654,4,0.5342625437624579
0.5954773869346733,4,0.5305792762523648
0.6100502512562814,4,0.5272394837848766
0.6246231155778894,4,0.5242282977493947
0.6391959798994975,4,0.5215315780772787
0.6537688442211055,4,0.5191358864206316
0.6683417085427136,4,0.5170284596129354
0.6829145728643216,4,0.5151971835296192
0.6974874371859296,4,0.5136305674465838
0.7120603015075376,4,0.5123177189769879
0.7266331658291457,4,0.5112483196510196
0.7412060301507537,4,0.5104126011897393
0.7557788944723618,4,0.5098013225122022
0.7703517587939698,4,0.5094057475047833
0.7849246231155779,4,0.5092176235727441
0.799497487437186,4,0.5092291609864898
0.8140703517587939,4,0.5094330130284801
0.828643216080402,4,0.5098222569412878
0.84321608040201,4,0.5103903756727038
0.8577889447236181,4,0.5111312404099755
0.8723618090452261,4,0.512039093892126
0.8869346733668342,4,0.5131085344867783
0.9015075376884422,4,0.5143345010158783
0.9160804020100503,4,0.5157122583131606
0.9306532663316582,4,0.5172373834950225
0.9452261306532663,4,0.5189057529256416
0.9597989949748743,4,0.5207135298566314
0.9743718592964824,4,0.5226571527212377
0.9889447236180904,4,0.5247333240629967
1.0035175879396985,4,0.5269390000788876
1.0180904522613066,4,0.529271380757259
1.0326633165829147,4,0.5317279005912002
1.0472361809045228,4,0.534306219848528
1.0618090452261306,4,0.537004216380135
1.0763819095477387,4,0.5398199779491181
1.0909547738693468,4,0.542751795063826
1.105527638190955,4,0.545798154298739
1.120100502512563,4,0.5489577320879185
1.1346733668341709,4,0.5522293889766091
1.149246231155779,4,0.5556121643174675
1.163819095477387,4,0.5591052713987891
1.1783919597989951,4,0.5627080929930343
1.192964824120603,4,0.5664201773148979
1.207537688442211,4,0.570241234379117
1.2221105527638192,4,0.5741711327491915
1.2366834170854273,4,0.5782098966691688
1.2512562814070352,4,0.5823577035716467
1.2658291457286432,4,0.5866148819561579
1.2804020100502513,4,0.5909819096331252
1.2949748743718594,4,0.5954594123296327
1.3095477386934675,4,0.6000481626543097
1.3241206030150754,4,0.6047490794197258
1.3386934673366835,4,0.6095632273218061
1.3532663316582916,4,0.6144918169769258
1.3678391959798997,4,0.6195362053185208
1.3824120603015075,4,0.6246978963562853
1.3969849246231156,4,0.6299785423022837
1.4115577889447237,4,0.6353799450696366
1.4261306532663318,4,0.6409040581508202
1.4407035175879397,4,0.6465529888840628
1.4552763819095478,4,0.6523290011178535
1.4698492462311559,4,0.6582345182851825
1.484422110552764,4,0.6642721269008421
1.498994974874372,4,0.6704445804969241
1.51356783919598,4,0.6767548040135801
1.528140703517588,4,0.6832058986641789
1.542713567839196,4,0.6898011472962003
1.5572864321608042,4,0.6965440202715808
1.571859296482412,4,0.7034381818927872
1.5864321608040202,4,0.7104874974036569
1.6010050251256283,4,0.7176960405970275
1.6155778894472363,4,0.7250681020644278
1.6301507537688442,4,0.7326081981266191
1.6447236180904523,4,0.7403210804876115
1.6592964824120604,4,0.748211746658965
1.6738693467336685,4,0.7562854512057543
1.6884422110552764,4,0.7645477178705814
1.7030150753768845,4,0.7730043526374981
1.7175879396984925,4,0.7816614578037353
1.7321608040201006,4,0.7905254471337491
1.7467336683417087,4,0.7996030621773966
1.7613065326633166,4,0.808901389842102
1.7758793969849247,4,0.8184278813177663
1.7904522613065328,4,0.8281903724630068
1.8050251256281409,4,0.8381971057722251
1.8195979899497488,4,0.8484567540550826
1.8341708542713568,4,0.8589784459734111
1.848743718592965,4,0.869771793595536
1.863316582914573,4,0.8808469221446581
1.877889447236181,4,0.8922145021365347
1.892462311557789,4,0.9038857841224945
1.907035175879397,4,0.9158726362770803
1.9216080402010052,4,0.928187585095712
1.936180904522613,4,0.9408438594970441
1.9507537688442211,4,0.9538554386576378
1.9653266331658292,4,0.9672371039436664
1.9798994974874373,4,0.9810044953462506
1.9944723618090454,4,0.9951741728743201
2.0090452261306533,4,1.0097636834124804
2.023618090452261,4,1.0247916336121086
2.0381909547738695,4,1.0402777694529415
2.0527638190954773,4,1.0562430631909883
2.067336683417085,4,1.0727098084982358
2.0819095477386935,4,1.0897017247020218
2.0964824120603014,4,1.107244071149227
2.1110552763819097,4,1.1253637728550285
2.1256281407035176,4,1.1440895587506728
2.140201005025126,4,1.1634521140231215
2.1547738693467338,4,1.1834842482454004
2.1693467336683416,4,1.204221081235063
2.18391959798995,4,1.2257002488550193
2.198492462311558,4,1.2479621312931777
2.213065326633166,4,1.2710501067332167
2.227638190954774,4,1.2950108337684552
2.242211055276382,4,1.3198945664266175
2.25678391959799,4,1.3457555062800473
2.271356783919598,4,1.372652196831943
2.285929648241206,4,1.4006479662167401
2.3005025125628142,4,1.4298114252591398
2.315075376884422,4,1.4602170291354681
2.3296482412060304,4,1.4919457123147948
2.3442211055276383,4,1.525085608177712
2.358793969849246,4,1.5597328667831403
2.3733668341708545,4,1.595992586759647
2.3879396984924623,4,1.6339798803410077
2.40251256281407,4,1.6738210942769673
2.4170854271356785,4,1.7156552138963646
2.4316582914572864,4,1.7596354831952072
2.4462311557788947,4,1.8059312807428665
2.4608040201005026,4,1.8547302998035062
2.4753768844221105,4,1.9062410918249044
2.4899497487437188,4,1.9606960459672775
2.5045226130653266,4,2.018354894444269
2.519095477386935,4,2.079508855211254
2.533668341708543,4,2.144485551419886
2.5482412060301507,4,2.2136548830370333
2.562814070351759,4,2.28743607279903
2.577386934673367,4,2.3663061699608123
2.5919597989949748,4,2.4508103762880045
2.606532663316583,4,2.541574666724589
2.621105527638191,4,2.63932132253282
2.6356783919597992,4,2.744888192396981
2.650251256281407,4,2.859252768813085
2.664824120603015,4,2.983562545285794
2.6793969849246233,4,3.119173652770533
2.693969849246231,4,3.2677005351086255
2.7085427135678395,4,3.4310805271024587
2.7231155778894474,4,3.611658825676305
2.7376884422110552,4,3.8123017847667864
2.7522613065326635,4,4.036550196654461
2.7668341708542714,4,4.2888300538039985
2.7814070351758793,4,4.574747615449768
2.7959798994974876,4,4.901510931298817
2.8105527638190955,4,5.278545914644666
2.825125628140704,4,5.718420452047779
2.8396984924623117,4,6.238272572851412
2.8542713567839195,4,6.862095520417447
2.868844221105528,4,7.624546204196603
2.8834170854271357,4,8.577609990862571
2.897989949748744,4,9.80297817357359
2.912562814070352,4,11.43680291050826
2.9271356783919598,4,13.724158089660136
2.941708542713568,4,17.155191490841215
2.956281407035176,4,22.873581271714002
2.970854271356784,4,34.3103619119532
2.985427135678392,4,68.62070582243295
3.0,4,
0.1,5,0.9336786052519732
0.11457286432160804,5,0.8992689284191926
0.12914572864321608,5,0.866933373481991
0.14371859296482414,5,0.8365776042961123
0.15829145728643218,5,0.8081086546362987
0.17286432160804022,5,0.7814353248729712
0.18743718592964825,5,0.7564685270421299
0.2020100502512563,5,0.7331215770595783
0.21658291457286433,5,0.7113104348670984
0.23115577889447236,5,0.6909538947980658
0.2457286432160804,5,0.6719737294919352
0.26030150753768844,5,0.6542947913505218
0.27487437185929653,5,0.6378450758891053
0.2894472361809045,5,0.6225557514599824
0.3040201005025126,5,0.6083611597741668
0.3185929648241206,5,0.5951987914682566
0.3331658291457287,5,0.5830092406988672
0.34773869346733666,5,0.5717361424290178
0.36231155778894475,5,0.5613260957247639
0.37688442211055273,5,0.5517285760252868
0.3914572864321608,5,0.5428958389994953
0.4060301507537688,5,0.5347828182667156
0.4206030150753769,5,0.5273470189446424
0.4351758793969849,5,0.5205484086982509
0.44974874371859297,5,0.514349307700699
0.46432160804020106,5,0.5087142786818648
0.47889447236180904,5,0.5036100180314883
0.49346733668341713,5,0.49900524874069235
0.5080402010050251,5,0.49487061580624325
0.5226130653266332,5,0.4911785845843469
0.5371859296482412,5,0.48790334246302136
0.5517587939698493,5,0.48502070412206744
0.5663316582914573,5,0.48250802056540765
0.5809045226130654,5,0.4803440920401645
0.5954773869346733,5,0.4785090848985706
0.6100502512562814,5,0.47698445241102644
0.6246231155778894,5,0.47575285949990476
0.6391959798994975,5,0.47479811133274
0.6537688442211055,5,0.474105085689093
0.6683417085427136,5,0.47365966899662565
0.6829145728643216,5,0.47344869591787564
0.6974874371859296,5,0.47345989235911734
0.7120603015075376,5,0.4736818217658617
0.7266331658291457,5,0.4741038345654199
0.7412060301507537,5,0.4747160206150346
0.7557788944723618,5,0.47550916451395336
0.7703517587939698,5,0.4764747036391328
0.7849246231155779,5,0.47760468876670503
0.799497487437186,5,0.4788917471446759
0.8140703517587939,5,0.4803290478863333
0.828643216080402,5,0.48191026955835
0.84321608040201,5,0.4836295698424349
0.8577889447236181,5,0.4854815571544803
0.8723618090452261,5,0.4874612641103936
0.8869346733668342,5,0.4895641227330942
0.9015075376884422,5,0.4917859413004491
0.9160804020100503,5,0.4941228827391548
0.9306532663316582,5,0.4965714444747137
0.9452261306532663,5,0.4991284396526703
0.9597989949748743,5,0.5017909796511427
0.9743718592964824,5,0.5045564578093907
0.9889447236180904,5,0.5074225343016919
1.0035175879396985,5,0.5103871220901581
1.0180904522613066,5,0.5134483738942819
1.0326633165829147,5,0.516604670118994
1.0472361809045228,5,0.5198546076868192
1.0618090452261306,5,0.5231969897233288
1.0763819095477387,5,0.5266308160485544
1.0909547738693468,5,0.5301552744303005
1.105527638190955,5,0.5337697325584195
1.120100502512563,5,0.5374737307020869
1.1346733668341709,5,0.5412669750149323
1.149246231155779,5,0.5451493314555809
1.163819095477387,5,0.5491208202937129
1.1783919597989951,5,0.5531816111741942
1.192964824120603,5,0.5573320187141647
1.207537688442211,5,0.5615724986101938
1.2221105527638192,5,0.5659036442347535
1.2366834170854273,5,0.5703261837033069
1.2512562814070352,5,0.5748409773952833
1.2658291457286432,5,0.5794490159141197
1.2804020100502513,5,0.584151418473386
1.2949748743718594,5,0.5889494316978188
1.3095477386934675,5,0.5938444288298226
1.3241206030150754,5,0.5988379093337287
1.3386934673366835,5,0.6039314988917796
1.3532663316582916,5,0.6091269497874865
1.3678391959798997,5,0.6144261416736626
1.3824120603015075,5,0.6198310827241047
1.3969849246231156,5,0.625343911169557
1.4115577889447237,5,0.6309668972202875
1.4261306532663318,5,0.6367024453793179
1.4407035175879397,5,0.6425530971521068
1.4552763819095478,5,0.648521534160289
1.4698492462311559,5,0.6546105816689333
1.484422110552764,5,0.6608232125387281
1.498994974874372,5,0.6671625516165187
1.51356783919598,5,0.673631880579746
1.528140703517588,5,0.68023464325258
1.542713567839196,5,0.6869744514139055
1.5572864321608042,5,0.6938550911198427
1.571859296482412,5,0.7008805295661757
1.5864321608040202,5,0.7080549225189473
1.6010050251256283,5,0.7153826223445685
1.6155778894472363,5,0.7228681866741458
1.6301507537688442,5,0.730516387740328
1.6447236180904523,5,0.7383322224289007
1.6592964824120604,5,0.7463209230916049
1.6738693467336685,5,0.7544879691713007
1.6884422110552764,5,0.762839099695654
1.7030150753768845,5,0.7713803267010667
1.7175879396984925,5,0.7801179496546365
1.7321608040201006,5,0.7890585709486074
1.7467336683417087,5,0.7982091125491007
1.7613065326633166,5,0.8075768338890013
1.7758793969849247,5,0.8171693511038002
1.7904522613065328,5,0.8269946577190509
1.8050251256281409,5,0.8370611469090309
1.8195979899497488,5,0.8473776354583084
1.8341708542713568,5,0.8579533895713721
1.848743718592965,5,0.868798152690453
1.863316582914573,5,0.8799221754983474
1.877889447236181,5,0.8913362483016547
1.892462311557789,5,0.9030517360106504
1.907035175879397,5,0.9150806159552786
1.9216080402010052,5,0.927435518802855
1.936180904522613,5,0.9401297728723582
1.9507537688442211,5,0.9531774521731358
1.9653266331658292,5,0.9665934285329538
1.9798994974874373,5,0.980393428222198
1.9944723618090454,5,0.9945940935283362
2.0090452261306533,5,1.0092130497883296
2.023618090452261,5,1.0242689784474364
2.0381909547738695,5,1.0397816967818712
2.0527638190954773,5,1.0557722450013702
2.067336683417085,5,1.0722629815373341
2.0819095477386935,5,1.0892776874246253
2.0964824120603014,5,1.1068416808023755
2.1110552763819097,5,1.1249819426937406
2.1256281407035176,5,1.1437272553792568
2.140201005025126,5,1.163108354856842
2.1547738693467338,5,1.1831580990874566
2.1693467336683416,5,1.2039116539640207
2.18391959798995,5,1.2254066992180102
2.198492462311558,5,1.247683656800362
2.213065326633166,5,1.2707859446491618
2.227638190954774,5,1.294760259196261
2.242211055276382,5,1.3196568904807684
2.25678391959799,5,1.3455300743441256
2.271356783919598,5,1.372438386897503
2.285929648241206,5,1.4004451872997652
2.3005025125628142,5,1.4296191158906701
2.315075376884422,5,1.460034655923105
2.3296482412060304,5,1.4917727685719309
2.3442211055276383,5,1.5249216126174603
2.358793969849246,5,1.5595773622740603
2.3733668341708545,5,1.5958451391404855
2.3879396984924623,5,1.633840077291787
2.40251256281407,5,1.6736885442438636
2.4170854271356785,5,1.7155295450679324
2.4316582914572864,5,1.7595163425275986
2.4462311557788947,5,1.8058183330318056
2.4608040201005026,5,1.8546232268008673
2.4753768844221105,5,1.906139591397836
2.4899497487437188,5,1.9605998312979063
2.5045226130653266,5,2.018263693268099
2.519095477386935,5,2.079422409092463
2.533668341708543,5,2.144403615061795
2.5482412060301507,5,2.213577223626104
2.562814070351759,5,2.28736246938082
2.577386934673367,5,2.3662364128463818
2.5919597989949748,5,2.4507442664893384
2.606532663316583,5,2.5415120154176645
2.621105527638191,5,2.639261950547009
2.6356783919597992,5,2.744831929729538
2.650251256281407,5,2.859199454167519
2.664824120603015,5,2.9835120256329954
2.6793969849246233,5,3.119125782931561
2.693969849246231,5,3.267655177358112
2.7085427135678395,5,3.431037550791656
2.7231155778894474,5,3.6116181068748103
2.7376884422110552,5,3.8122632059220596
2.7522613065326635,5,4.036513646268265
2.7668341708542714,5,4.288795426124949
2.7814070351758793,5,4.5747148101812085
2.7959798994974876,5,4.901479853321273
2.8105527638190955,5,5.278516473752174
2.825125628140704,5,5.718392562697408
2.8396984924623117,5,6.238246153925335
2.8542713567839195,5,6.86207049499694
2.868844221105528,5,7.624522499347413
2.8834170854271357,5,8.577587537431059
2.897989949748744,5,9.80295690599314
2.912562814070352,5,11.436782766615455
2.9271356783919598,5,13.724139010520199
2.941708542713568,5,17.155173420582265
2.956281407035176,5,22.8735641573697
2.970854271356784,5,34.31034570331335
2.985427135678392,5,68.6206904719017
3.0,5,
