Flow_Timeout(s),Lambda_Rate(packets/s),Average_Delay(s)
1.0,0.01,1.9318055358944959
1.0,0.02,1.8959246822089955
1.0,0.03,1.9021554501392939
1.0,0.04,1.8958516029652293
1.0,0.05,1.8295712270534508
1.0,0.060000000000000005,1.81011388000101
1.0,0.06999999999999999,1.834758755041692
1.0,0.08,1.8339881825833264
1.0,0.09,1.8108866212806434
1.0,0.09999999999999999,1.8631426735829548
1.0,0.11,1.7976841656530507
1.0,0.12,1.7039208977589657
1.0,0.13,1.7420248542128958
1.0,0.14,1.699266068934711
1.0,0.15000000000000002,1.7270632591793367
1.0,0.16,1.6928970445258398
1.0,0.17,1.6939379043969744
1.0,0.18000000000000002,1.6891429646589973
1.0,0.19,1.667551109102973
1.0,0.2,1.6573797082704067
1.0,0.21000000000000002,1.6397784753749147
1.0,0.22,1.6627768644444558
1.0,0.23,1.610094031790443
1.0,0.24000000000000002,1.6179804967782523
1.0,0.25,1.6271859789375627
1.0,0.26,1.5616616953335747
1.0,0.27,1.6139086396789417
1.0,0.28,1.5827639940542417
1.0,0.29000000000000004,1.5948707075314177
1.0,0.3,1.5520076663648934
1.0,0.31,1.5543137116096493
1.0,0.32,1.5723056359714098
1.0,0.33,1.5381747842082047
1.0,0.34,1.5088720126133335
1.0,0.35000000000000003,1.5061198804873501
1.0,0.36000000000000004,1.5428898685900967
1.0,0.37,1.5342857813145678
1.0,0.38,1.5081401373471548
1.0,0.39,1.476221067078925
1.0,0.4,1.4998147187732167
1.0,0.41000000000000003,1.498204998192442
1.0,0.42000000000000004,1.4693218962625674
1.0,0.43,1.448161892010528
1.0,0.44,1.4417860720276319
1.0,0.45,1.444574129828562
1.0,0.46,1.4569622260366317
1.0,0.47000000000000003,1.434853151166713
1.0,0.48000000000000004,1.4316711552228263
1.0,0.49,1.4002460536620787
1.0,0.5,1.4562505880077163
1.0,0.51,1.4041846460166538
1.0,0.52,1.4061184258997481
1.0,0.53,1.3904444465420214
1.0,0.54,1.4584757877748684
1.0,0.55,1.3896870764702776
1.0,0.56,1.3962353806364578
1.0,0.5700000000000001,1.3673442239808897
1.0,0.5800000000000001,1.412133646757866
1.0,0.59,1.3917209902461818
1.0,0.6,1.373525237113628
1.0,0.61,1.3530944900974526
1.0,0.62,1.3428592316689256
1.0,0.63,1.3482594352753887
1.0,0.64,1.3506086856017128
1.0,0.65,1.3294818128625436
1.0,0.66,1.382317767934458
1.0,0.67,1.3462350593388335
1.0,0.68,1.3383142427708852
1.0,0.6900000000000001,1.3400184948765614
1.0,0.7000000000000001,1.3819495381347782
1.0,0.7100000000000001,1.3749864355175854
1.0,0.72,1.3315195783315297
1.0,0.73,1.3559751942819165
1.0,0.74,1.3337001542593878
1.0,0.75,1.3445554869528167
1.0,0.76,1.3521036257443797
1.0,0.77,1.291626827185057
1.0,0.78,1.3106777841699917
1.0,0.79,1.2864786416937624
1.0,0.8,1.311234390551064
1.0,0.81,1.320873431360518
1.0,0.8200000000000001,1.2946210074761917
1.0,0.8300000000000001,1.3023436127993329
1.0,0.8400000000000001,1.2924899019911942
1.0,0.85,1.285528449585042
1.0,0.86,1.2580835090655285
1.0,0.87,1.3233103816766678
1.0,0.88,1.3048056000207302
1.0,0.89,1.2722197139151024
1.0,0.9,1.2469659080599609
1.0,0.91,1.3016851243118033
1.0,0.92,1.2748859967319663
1.0,0.93,1.2819426441294568
1.0,0.9400000000000001,1.230596097090029
1.0,0.9500000000000001,1.2534242344706168
1.0,0.9600000000000001,1.2693369528163045
1.0,0.97,1.2510454575036016
1.0,0.98,1.2467740833261427
1.0,0.99,1.2621720741231086
1.0,1.0,1.238659953200678
1.0,1.01,1.2433165340560894
1.0,1.02,1.2706851444764466
1.0,1.03,1.256720574721738
1.0,1.04,1.260412840492452
1.0,1.05,1.2504835170240303
1.0,1.06,1.2148365041289069
1.0,1.07,1.2583309127350022
1.0,1.08,1.2300858581291876
1.0,1.09,1.2847397354619785
1.0,1.1,1.2777230142660536
1.0,1.11,1.2650633147802222
1.0,1.12,1.2513489325758844
1.0,1.1300000000000001,1.2365014640511294
1.0,1.1400000000000001,1.2382073615455824
1.0,1.1500000000000001,1.239227500152516
1.0,1.1600000000000001,1.2362022261574848
1.0,1.17,1.2332323312934146
1.0,1.18,1.2328297432592588
1.0,1.19,1.2404952604681274
1.0,1.2,1.2435378944897308
1.0,1.21,1.236773349983448
1.0,1.22,1.2461191718470346
1.0,1.23,1.2544837016321833
1.0,1.24,1.2488390983744855
1.0,1.25,1.2560661138134415
1.0,1.26,1.2217619336839247
1.0,1.27,1.2305116064230768
1.0,1.28,1.2391244157295593
1.0,1.29,1.2060842135470746
1.0,1.3,1.2299321408593722
1.0,1.31,1.223837049674294
1.0,1.32,1.2644349297606223
1.0,1.33,1.2297006419387548
1.0,1.34,1.2469350935858308
1.0,1.35,1.2296116540423414
1.0,1.36,1.2622913593975986
1.0,1.37,1.2724105066674665
1.0,1.3800000000000001,1.2485031657482317
1.0,1.3900000000000001,1.2712230765754156
1.0,1.4000000000000001,1.2293200275286829
1.0,1.4100000000000001,1.245370473935646
1.0,1.42,1.2627114217992192
1.0,1.43,1.2322636485291294
1.0,1.44,1.202853777399522
1.0,1.45,1.2878073710849818
1.0,1.46,1.2341194517246914
1.0,1.47,1.2277183779447174
1.0,1.48,1.26485650538244
1.0,1.49,1.2495202220344142
1.0,1.5,1.2614714776428246
1.0,1.51,1.2316596977635388
1.0,1.52,1.2684459565215311
1.0,1.53,1.2259657652544558
1.0,1.54,1.2645566274112674
1.0,1.55,1.3672072922764367
1.0,1.56,1.249948035729922
1.0,1.57,1.2836496117117628
1.0,1.58,1.2290134901934384
1.0,1.59,1.2948478420989706
1.0,1.6,1.296988907719077
1.0,1.61,1.3103961644499864
1.0,1.62,1.2262540285281387
1.0,1.6300000000000001,1.3036989161652057
1.0,1.6400000000000001,1.2742315501576837
1.0,1.6500000000000001,1.3228759401819028
1.0,1.6600000000000001,1.3090003692486354
1.0,1.6700000000000002,1.2568874201919313
1.0,1.68,1.3056211925172279
1.0,1.69,1.359166717296795
1.0,1.7,1.2970633960328966
1.0,1.71,1.279493293992326
1.0,1.72,1.3175948430707751
1.0,1.73,1.3112975745734379
1.0,1.74,1.3574805071763865
1.0,1.75,1.2706046238069488
1.0,1.76,1.316371366940105
1.0,1.77,1.2861650159245892
1.0,1.78,1.3797407535851185
1.0,1.79,1.3045445446262807
1.0,1.8,1.3234247219091675
1.0,1.81,1.3073192513396947
1.0,1.82,1.287697948806055
1.0,1.83,1.3198129102367957
1.0,1.84,1.3404046158929999
1.0,1.85,1.342854069326941
1.0,1.86,1.4004575051211563
1.0,1.87,1.3630622085574315
1.0,1.8800000000000001,1.3593072875880208
1.0,1.8900000000000001,1.3655491568377098
1.0,1.9000000000000001,1.4004454610670352
1.0,1.9100000000000001,1.3929683634013492
1.0,1.9200000000000002,1.3932430759727479
1.0,1.93,1.3815809230949587
1.0,1.94,1.4690203448508248
1.0,1.95,1.3669343033528738
1.0,1.96,1.352761339797967
1.0,1.97,1.435648760045138
1.0,1.98,1.4256150980149163
1.0,1.99,1.4371877425641442
1.0,2.0,1.417602463785183
1.0,2.01,1.5218687209887358
1.0,2.02,1.4524580680916437
1.0,2.03,1.4833107665077987
1.0,2.04,1.4567936090915494
1.0,2.05,1.5114930630883079
1.0,2.0599999999999996,1.5962777127099805
1.0,2.07,1.4986337896331534
1.0,2.0799999999999996,1.4573004508916447
1.0,2.09,1.4871891583184242
1.0,2.0999999999999996,1.6167956014148726
1.0,2.11,1.5455758885568571
1.0,2.1199999999999997,1.6041512025484406
1.0,2.13,1.5659071378688143
1.0,2.1399999999999997,1.6155266837232654
1.0,2.15,1.6531634248969753
1.0,2.1599999999999997,1.6258109604857656
1.0,2.17,1.5677536729283188
1.0,2.1799999999999997,1.5745797211289227
1.0,2.19,1.604322436907985
1.0,2.1999999999999997,1.7102306403350263
1.0,2.21,1.617184317075538
1.0,2.2199999999999998,1.5820098289003204
1.0,2.23,1.7682809238486592
1.0,2.2399999999999998,1.917183033343443
1.0,2.25,1.6328664770086188
1.0,2.26,1.6779750553655612
1.0,2.27,1.896153668038523
1.0,2.28,1.8142675603703855
1.0,2.29,1.8777970112938362
1.0,2.3,1.7906287095964164
1.0,2.31,2.018271511867276
1.0,2.32,2.0043899214773315
1.0,2.3299999999999996,1.8175532210756578
1.0,2.34,1.9265149619083413
1.0,2.3499999999999996,1.8661944409648865
1.0,2.36,1.9020951851885826
1.0,2.3699999999999997,1.8862224405027652
1.0,2.38,1.9887273611061809
1.0,2.3899999999999997,2.099186779653043
1.0,2.4,2.143984996047291
1.0,2.4099999999999997,2.0950218047533817
1.0,2.42,2.3076120286825565
1.0,2.4299999999999997,2.162513530174943
1.0,2.44,1.9691101757862841
1.0,2.4499999999999997,2.0489971785732135
1.0,2.46,2.1874255109328344
1.0,2.4699999999999998,2.0284037047820025
1.0,2.48,2.0703725792730543
1.0,2.4899999999999998,2.3933769885789236
1.0,2.5,2.841636710699663
1.0,2.51,2.497647078714715
1.0,2.52,2.2948311167654434
1.0,2.53,2.50907990616138
1.0,2.54,2.272828547155964
1.0,2.55,2.432642286693284
1.0,2.56,2.3917948618269134
1.0,2.57,2.367792265485843
1.0,2.5799999999999996,3.0084685676124963
1.0,2.59,2.494250016486446
1.0,2.5999999999999996,2.4757073639485516
1.0,2.61,3.295901217200217
1.0,2.6199999999999997,3.363669543443219
1.0,2.63,3.154236710929113
1.0,2.6399999999999997,2.797721821258854
1.0,2.65,3.101465570487144
1.0,2.6599999999999997,3.107974388716284
1.0,2.67,3.558473643419864
1.0,2.6799999999999997,3.7854762518944813
1.0,2.69,3.7599486310192156
1.0,2.6999999999999997,3.5992242717403693
1.0,2.71,3.372108697801976
1.0,2.7199999999999998,3.2049227959524482
1.0,2.73,4.013109955115344
1.0,2.7399999999999998,3.895014932934016
1.0,2.75,3.6708881294605917
1.0,2.76,6.445117466333452
1.0,2.77,4.797257282031112
1.0,2.78,4.39504973133859
1.0,2.79,5.148932974990535
1.0,2.8,5.047394606444034
1.0,2.81,4.193498815094282
1.0,2.82,6.72548953861506
1.0,2.8299999999999996,5.713556393324299
1.0,2.84,9.488133219896557
1.0,2.8499999999999996,6.062510848487633
1.0,2.86,6.006558840875599
1.0,2.8699999999999997,6.208703483017449
1.0,2.88,8.753249687025946
1.0,2.8899999999999997,8.337305405203683
1.0,2.9,8.043185548406704
1.0,2.9099999999999997,8.141409803238993
1.0,2.92,11.919696614621964
1.0,2.9299999999999997,10.252467651245242
1.0,2.94,8.478635089560251
1.0,2.9499999999999997,8.67833276460916
1.0,2.96,34.27207565213291
1.0,2.9699999999999998,25.15873090868622
1.0,2.98,26.544869593689
1.0,2.9899999999999998,46.98341448317254
2.0,0.01,1.9573464184887346
2.0,0.02,1.9729883409456745
2.0,0.03,1.870865652906552
2.0,0.04,1.8405825155612165
2.0,0.05,1.7712388029252937
2.0,0.060000000000000005,1.7762599246832567
2.0,0.06999999999999999,1.7448606791409813
2.0,0.08,1.7438795703923313
2.0,0.09,1.6828625999198898
2.0,0.09999999999999999,1.6366186283877542
2.0,0.11,1.6707470517369927
2.0,0.12,1.6095985408003861
2.0,0.13,1.5239993875553346
2.0,0.14,1.6121756804302403
2.0,0.15000000000000002,1.5773326218625427
2.0,0.16,1.5436609006966444
2.0,0.17,1.5109971167579788
2.0,0.18000000000000002,1.4840218947435815
2.0,0.19,1.5128237125859956
2.0,0.2,1.4321704646412126
2.0,0.21000000000000002,1.4093467517123042
2.0,0.22,1.451507981862757
2.0,0.23,1.4041684534644052
2.0,0.24000000000000002,1.382631058154873
2.0,0.25,1.3737311131526664
2.0,0.26,1.3976452292089478
2.0,0.27,1.3885013680820113
2.0,0.28,1.3499154839116638
2.0,0.29000000000000004,1.2788840069215117
2.0,0.3,1.3051942700343948
2.0,0.31,1.3103763589375068
2.0,0.32,1.2722793036374749
2.0,0.33,1.2685803445673725
2.0,0.34,1.270808529342233
2.0,0.35000000000000003,1.2833113642307004
2.0,0.36000000000000004,1.2148663801499338
2.0,0.37,1.2281643215296305
2.0,0.38,1.1970869224484149
2.0,0.39,1.2161579065694637
2.0,0.4,1.2288350746419812
2.0,0.41000000000000003,1.1839658319169681
2.0,0.42000000000000004,1.1654723176103843
2.0,0.43,1.146976561841074
2.0,0.44,1.1582022181155274
2.0,0.45,1.1577048374689312
2.0,0.46,1.1431926774388053
2.0,0.47000000000000003,1.1337769030050553
2.0,0.48000000000000004,1.1330069003441108
2.0,0.49,1.099157147558814
2.0,0.5,1.1084268921806244
2.0,0.51,1.1155836496236353
2.0,0.52,1.0784140273489555
2.0,0.53,1.0893716778941043
2.0,0.54,1.074863544370838
2.0,0.55,1.0420843525660712
2.0,0.56,1.0754062448054214
2.0,0.5700000000000001,1.060252743747108
2.0,0.5800000000000001,1.0585194451229025
2.0,0.59,1.0440524616138125
2.0,0.6,1.0644458718888605
2.0,0.61,1.0683809933077677
2.0,0.62,1.0063800122770885
2.0,0.63,1.009573417254376
2.0,0.64,1.0546403618669276
2.0,0.65,1.0266516864215227
2.0,0.66,1.022730873581157
2.0,0.67,0.9969925667855303
2.0,0.68,0.9812594160233171
2.0,0.6900000000000001,0.9871655318658353
2.0,0.7000000000000001,0.9843623257536608
2.0,0.7100000000000001,0.9803239956787774
2.0,0.72,0.9868194282488914
2.0,0.73,0.9934805760205109
2.0,0.74,0.9670976112951375
2.0,0.75,0.9770477146533536
2.0,0.76,0.9435003653723192
2.0,0.77,0.9445989772529476
2.0,0.78,0.9449000770013705
2.0,0.79,0.9097473754495119
2.0,0.8,0.9425275661538479
2.0,0.81,0.9395668328278067
2.0,0.8200000000000001,0.9281054177753684
2.0,0.8300000000000001,0.9167272728044802
2.0,0.8400000000000001,0.9284453284132845
2.0,0.85,0.8949681931618877
2.0,0.86,0.8685027339971066
2.0,0.87,0.9193331816601873
2.0,0.88,0.8870965722609354
2.0,0.89,0.9090713338306771
2.0,0.9,0.9055231821668439
2.0,0.91,0.8918225828969758
2.0,0.92,0.920031425490026
2.0,0.93,0.8936283189769735
2.0,0.9400000000000001,0.8909426621565175
2.0,0.9500000000000001,0.8778011133763349
2.0,0.9600000000000001,0.8515818612016095
2.0,0.97,0.8758761251837839
2.0,0.98,0.8767226587633201
2.0,0.99,0.8834969524546097
2.0,1.0,0.8826583036737428
2.0,1.01,0.8674919603883655
2.0,1.02,0.8721486023541993
2.0,1.03,0.8880504470060536
2.0,1.04,0.8752040113981668
2.0,1.05,0.8678189814590132
2.0,1.06,0.8812891815228363
2.0,1.07,0.8859453444136202
2.0,1.08,0.8831613506402993
2.0,1.09,0.8658898677906987
2.0,1.1,0.8664019502267012
2.0,1.11,0.8241520701434732
2.0,1.12,0.8193661000342987
2.0,1.1300000000000001,0.8750587132567677
2.0,1.1400000000000001,0.8349323885437457
2.0,1.1500000000000001,0.8491631203149228
2.0,1.1600000000000001,0.8404427940486087
2.0,1.17,0.8288310440546769
2.0,1.18,0.8190359608380896
2.0,1.19,0.8376721482345246
2.0,1.2,0.8552470678176107
2.0,1.21,0.8558806539253074
2.0,1.22,0.852263072650613
2.0,1.23,0.8127966120968697
2.0,1.24,0.8643443107307524
2.0,1.25,0.8482067051733797
2.0,1.26,0.8255679773502165
2.0,1.27,0.8112303829627924
2.0,1.28,0.8309437070335952
2.0,1.29,0.8474324096070575
2.0,1.3,0.8321101999925554
2.0,1.31,0.8264770809838571
2.0,1.32,0.8525388265608831
2.0,1.33,0.8610692532639467
2.0,1.34,0.828718797808322
2.0,1.35,0.8278230893121896
2.0,1.36,0.8270875255929824
2.0,1.37,0.8090537749157297
2.0,1.3800000000000001,0.8428053528250259
2.0,1.3900000000000001,0.832693063966576
2.0,1.4000000000000001,0.8610292987704501
2.0,1.4100000000000001,0.8591893304115737
2.0,1.42,0.8527840902635104
2.0,1.43,0.8298785973800052
2.0,1.44,0.8202284901950597
2.0,1.45,0.8143377922535392
2.0,1.46,0.8131251021927979
2.0,1.47,0.8428912867182624
2.0,1.48,0.8261210507725675
2.0,1.49,0.8705908372137764
2.0,1.5,0.857385749436957
2.0,1.51,0.8379943320856915
2.0,1.52,0.8688458506290349
2.0,1.53,0.8353685693870878
2.0,1.54,0.822859387607699
2.0,1.55,0.8315029418513376
2.0,1.56,0.863072389261517
2.0,1.57,0.8946420147856752
2.0,1.58,0.8595085456404753
2.0,1.59,0.9054726871543777
2.0,1.6,0.8918673945540332
2.0,1.61,0.8707476585230495
2.0,1.62,0.8870348685422721
2.0,1.6300000000000001,0.8668444812424909
2.0,1.6400000000000001,0.8631521409729809
2.0,1.6500000000000001,0.877801929630954
2.0,1.6600000000000001,0.8479461308131514
2.0,1.6700000000000002,0.8951938080073746
2.0,1.68,0.9199795018185231
2.0,1.69,0.8950281346424445
2.0,1.7,0.9071920735701046
2.0,1.71,0.9326134690837845
2.0,1.72,0.9184247942152108
2.0,1.73,0.9423619216340193
2.0,1.74,0.9837295813882931
2.0,1.75,0.9339258199375691
2.0,1.76,0.9077903792658278
2.0,1.77,0.9393050533008349
2.0,1.78,0.9012886519704232
2.0,1.79,0.9104364188831631
2.0,1.8,0.9082999384591766
2.0,1.81,0.936143040310124
2.0,1.82,0.9646726585765799
2.0,1.83,0.96622688959755
2.0,1.84,0.9967223028100405
2.0,1.85,1.017456740623735
2.0,1.86,1.0279220675413887
2.0,1.87,0.96767621603495
2.0,1.8800000000000001,0.9949596095235088
2.0,1.8900000000000001,1.0172988719833358
2.0,1.9000000000000001,1.0465853157312512
2.0,1.9100000000000001,0.9943956946729556
2.0,1.9200000000000002,1.0169796080189037
2.0,1.93,1.0280136576358343
2.0,1.94,1.0512724199010308
2.0,1.95,1.0730700340042088
2.0,1.96,1.011598814385515
2.0,1.97,1.0652941839039884
2.0,1.98,1.095519060620091
2.0,1.99,1.0920909491895698
2.0,2.0,1.1131788800283502
2.0,2.01,1.1041277750581913
2.0,2.02,1.092254611377059
2.0,2.03,1.2004667647648803
2.0,2.04,1.1482800448610693
2.0,2.05,1.1099302367020132
2.0,2.0599999999999996,1.2348392382839306
2.0,2.07,1.1607670995315176
2.0,2.0799999999999996,1.1335091159314492
2.0,2.09,1.1629105844781649
2.0,2.0999999999999996,1.1804877018080495
2.0,2.11,1.1519672532381235
2.0,2.1199999999999997,1.2287201672173758
2.0,2.13,1.2174221602246535
2.0,2.1399999999999997,1.2078564826633444
2.0,2.15,1.243017042723417
2.0,2.1599999999999997,1.3067018212715056
2.0,2.17,1.2878440284486325
2.0,2.1799999999999997,1.2271141620627661
2.0,2.19,1.3497438169135314
2.0,2.1999999999999997,1.294210913693711
2.0,2.21,1.2570199496537213
2.0,2.2199999999999998,1.317139818008088
2.0,2.23,1.3924422827180933
2.0,2.2399999999999998,1.4199548628777914
2.0,2.25,1.3590525164561458
2.0,2.26,1.2988318893086381
2.0,2.27,1.3315260510844917
2.0,2.28,1.3923769066299494
2.0,2.29,1.3523522351077601
2.0,2.3,1.6052191298417073
2.0,2.31,1.5744152417430275
2.0,2.32,1.4780052234683325
2.0,2.3299999999999996,1.8034422826690761
2.0,2.34,1.51537818873272
2.0,2.3499999999999996,1.4762728830142504
2.0,2.36,1.7500502507279478
2.0,2.3699999999999997,1.544641698693086
2.0,2.38,1.5570565170957704
2.0,2.3899999999999997,1.5830363665655989
2.0,2.4,1.5645383028886954
2.0,2.4099999999999997,1.7108280503262663
2.0,2.42,1.7578048890177904
2.0,2.4299999999999997,1.8008590366341488
2.0,2.44,1.7630022480789462
2.0,2.4499999999999997,1.8607051760886588
2.0,2.46,1.8619914168972054
2.0,2.4699999999999998,2.1035365960914714
2.0,2.48,1.8630174846623322
2.0,2.4899999999999998,1.913671177962798
2.0,2.5,1.881771768719137
2.0,2.51,2.0700859212097136
2.0,2.52,1.9093044588302739
2.0,2.53,2.151946869614075
2.0,2.54,2.206636290857219
2.0,2.55,2.3571604665589487
2.0,2.56,2.338079002922925
2.0,2.57,2.4336479682930308
2.0,2.5799999999999996,2.638222527218828
2.0,2.59,2.3735475016174497
2.0,2.5999999999999996,2.4161572327339154
2.0,2.61,2.3785021169104152
2.0,2.6199999999999997,3.0303129498460613
2.0,2.63,3.336511368397229
2.0,2.6399999999999997,2.4701398870254527
2.0,2.65,2.904979482689633
2.0,2.6599999999999997,2.719581438633525
2.0,2.67,3.2561363105110472
2.0,2.6799999999999997,2.92940935150886
2.0,2.69,3.1125415490981543
2.0,2.6999999999999997,3.083065931467003
2.0,2.71,3.2933927621813157
2.0,2.7199999999999998,4.181783373041261
2.0,2.73,3.2629667284653197
2.0,2.7399999999999998,3.471328957024093
2.0,2.75,3.6986076191865114
2.0,2.76,5.050823149557289
2.0,2.77,3.2887912308882545
2.0,2.78,5.070797779080884
2.0,2.79,4.125482245627908
2.0,2.8,3.979771846770426
2.0,2.81,7.090925976398627
2.0,2.82,5.45926305902797
2.0,2.8299999999999996,5.229884260278571
2.0,2.84,5.628404297602346
2.0,2.8499999999999996,6.237373201961567
2.0,2.86,6.06550060059455
2.0,2.8699999999999997,9.128731950317508
2.0,2.88,10.132490519293086
2.0,2.8899999999999997,8.858056403421822
2.0,2.9,7.019704196503375
2.0,2.9099999999999997,8.354289747865794
2.0,2.92,14.618252146488798
2.0,2.9299999999999997,10.244641518063323
2.0,2.94,22.179434260965074
2.0,2.9499999999999997,17.17759503440399
2.0,2.96,23.099572652601864
2.0,2.9699999999999998,70.85042873476158
2.0,2.98,22.016400320752687
2.0,2.9899999999999998,38.16226271509331
3.0,0.01,1.8179179337246993
3.0,0.02,1.8188789015814493
3.0,0.03,1.781305732574049
3.0,0.04,1.7533303525498185
3.0,0.05,1.8295381132175033
3.0,0.060000000000000005,1.6776453719089899
3.0,0.06999999999999999,1.6322901678233745
3.0,0.08,1.6370861981272207
3.0,0.09,1.5884309168853519
3.0,0.09999999999999999,1.5690350106211233
3.0,0.11,1.5161485572023121
3.0,0.12,1.524128732988573
3.0,0.13,1.4729769848009926
3.0,0.14,1.4138493010942403
3.0,0.15000000000000002,1.4418996004526594
3.0,0.16,1.4568484706625502
3.0,0.17,1.376233119683676
3.0,0.18000000000000002,1.3212692994426478
3.0,0.19,1.3422136608411945
3.0,0.2,1.3036169172083945
3.0,0.21000000000000002,1.2838144132722493
3.0,0.22,1.2741110572310286
3.0,0.23,1.2386291368728477
3.0,0.24000000000000002,1.2122815875657025
3.0,0.25,1.1640250155977483
3.0,0.26,1.1930773040605367
3.0,0.27,1.1446509789064108
3.0,0.28,1.1564829995496575
3.0,0.29000000000000004,1.1013961862970365
3.0,0.3,1.120779273481085
3.0,0.31,1.0830798933257602
3.0,0.32,1.1040340067726093
3.0,0.33,1.1171844709352727
3.0,0.34,1.0708146667373992
3.0,0.35000000000000003,1.0426873728170578
3.0,0.36000000000000004,1.0724908622225007
3.0,0.37,1.041149472503701
3.0,0.38,1.0343307793317666
3.0,0.39,0.9852353355753541
3.0,0.4,1.0012325888918425
3.0,0.41000000000000003,1.0141547080947468
3.0,0.42000000000000004,0.9472065951542837
3.0,0.43,0.9365021821005529
3.0,0.44,0.9331218617294919
3.0,0.45,0.9621806691622227
3.0,0.46,0.9084449839257076
3.0,0.47000000000000003,0.9424586336098494
3.0,0.48000000000000004,0.9167992399834954
3.0,0.49,0.917701880249199
3.0,0.5,0.8655874820187546
3.0,0.51,0.8829727707967528
3.0,0.52,0.8611141454803825
3.0,0.53,0.8620176540898072
3.0,0.54,0.8472229251053839
3.0,0.55,0.8598843868222672
3.0,0.56,0.8550200571473512
3.0,0.5700000000000001,0.8459226529697123
3.0,0.5800000000000001,0.832972541637304
3.0,0.59,0.8232314237719557
3.0,0.6,0.8105710016674949
3.0,0.61,0.7966483921630214
3.0,0.62,0.7796815626070269
3.0,0.63,0.7948085980429438
3.0,0.64,0.8166683936777173
3.0,0.65,0.7832980885022082
3.0,0.66,0.7534617218585146
3.0,0.67,0.742593988425183
3.0,0.68,0.7565520505937372
3.0,0.6900000000000001,0.7325910211848181
3.0,0.7000000000000001,0.7619969411640534
3.0,0.7100000000000001,0.7285422311353055
3.0,0.72,0.7199743585661641
3.0,0.73,0.7319645706033131
3.0,0.74,0.721706761389098
3.0,0.75,0.6909978929708742
3.0,0.76,0.7362814836965715
3.0,0.77,0.7174804012982451
3.0,0.78,0.7029570184807125
3.0,0.79,0.6777872202448255
3.0,0.8,0.7290062522067005
3.0,0.81,0.6995319334354169
3.0,0.8200000000000001,0.6884957040218687
3.0,0.8300000000000001,0.6737272859788098
3.0,0.8400000000000001,0.6834306926722243
3.0,0.85,0.6954274825210102
3.0,0.86,0.7115147919267699
3.0,0.87,0.6570310139859504
3.0,0.88,0.676848038068896
3.0,0.89,0.6681981338062402
3.0,0.9,0.6672078487244646
3.0,0.91,0.6593314399098893
3.0,0.92,0.6806770474368887
3.0,0.93,0.6820028069418147
3.0,0.9400000000000001,0.6747651464411376
3.0,0.9500000000000001,0.6349211822537992
3.0,0.9600000000000001,0.6619998083275578
3.0,0.97,0.6635668506756339
3.0,0.98,0.6447304333800749
3.0,0.99,0.6633132714158076
3.0,1.0,0.6410812344763898
3.0,1.01,0.6689208791297332
3.0,1.02,0.6487049112716269
3.0,1.03,0.6468248142695471
3.0,1.04,0.6424762451873288
3.0,1.05,0.6539729067505183
3.0,1.06,0.6487263805654075
3.0,1.07,0.6788779910765972
3.0,1.08,0.6406254891220241
3.0,1.09,0.6634046293284609
3.0,1.1,0.6244009265095173
3.0,1.11,0.6527172460159966
3.0,1.12,0.6406354910061444
3.0,1.1300000000000001,0.6641540326551248
3.0,1.1400000000000001,0.6543194561807658
3.0,1.1500000000000001,0.6472040027544455
3.0,1.1600000000000001,0.6363990957329365
3.0,1.17,0.684626375651092
3.0,1.18,0.6447227304151883
3.0,1.19,0.6258516390356054
3.0,1.2,0.6520096886094814
3.0,1.21,0.6585274845228504
3.0,1.22,0.6764594993908417
3.0,1.23,0.6387285825150388
3.0,1.24,0.6687735604809422
3.0,1.25,0.6675615808815336
3.0,1.26,0.6486849291383081
3.0,1.27,0.6483907155532582
3.0,1.28,0.64634363048091
3.0,1.29,0.6709862639728696
3.0,1.3,0.679796812977011
3.0,1.31,0.6668627968117972
3.0,1.32,0.6203366634480103
3.0,1.33,0.6933913889126256
3.0,1.34,0.6475693678464487
3.0,1.35,0.686357605089707
3.0,1.36,0.690350273890271
3.0,1.37,0.6791916729119157
3.0,1.3800000000000001,0.6987259699269217
3.0,1.3900000000000001,0.6643148205583495
3.0,1.4000000000000001,0.6752686184811151
3.0,1.4100000000000001,0.6876713277108863
3.0,1.42,0.6850642151636047
3.0,1.43,0.6865106521840377
3.0,1.44,0.6769699198549683
3.0,1.45,0.6983297342654249
3.0,1.46,0.6751328585464952
3.0,1.47,0.7235761490914231
3.0,1.48,0.7473478320599539
3.0,1.49,0.7328634321044059
3.0,1.5,0.7039915244189535
3.0,1.51,0.740105168417554
3.0,1.52,0.7316255246619928
3.0,1.53,0.7066810739460216
3.0,1.54,0.7400154279437536
3.0,1.55,0.7449790895798695
3.0,1.56,0.7114882070013119
3.0,1.57,0.7423218548654056
3.0,1.58,0.755086824621066
3.0,1.59,0.7413112928763715
3.0,1.6,0.7518085041029534
3.0,1.61,0.7501806633339227
3.0,1.62,0.7592362522710824
3.0,1.6300000000000001,0.7635578105959565
3.0,1.6400000000000001,0.7560915651238955
3.0,1.6500000000000001,0.7694468866337459
3.0,1.6600000000000001,0.7794112180980614
3.0,1.6700000000000002,0.7643311635399016
3.0,1.68,0.7550669429916214
3.0,1.69,0.7897135244832311
3.0,1.7,0.7810895631685247
3.0,1.71,0.7719223887720688
3.0,1.72,0.7894678646488877
3.0,1.73,0.8402040724086318
3.0,1.74,0.7893795065546344
3.0,1.75,0.8219026308088008
3.0,1.76,0.8100873774178715
3.0,1.77,0.8363169973642003
3.0,1.78,0.8390015358695276
3.0,1.79,0.8543860499810195
3.0,1.8,0.8510236027168141
3.0,1.81,0.872030238981002
3.0,1.82,0.8358577242193884
3.0,1.83,0.887241651447472
3.0,1.84,0.868862999129879
3.0,1.85,0.9107054981424324
3.0,1.86,0.8805105768648271
3.0,1.87,0.952414793977439
3.0,1.8800000000000001,0.947167443012893
3.0,1.8900000000000001,1.0072322003886662
3.0,1.9000000000000001,0.8915196530825101
3.0,1.9100000000000001,0.9477959220996248
3.0,1.9200000000000002,0.945704417816849
3.0,1.93,0.9165564813104391
3.0,1.94,0.9606030145480418
3.0,1.95,1.0049947794931848
3.0,1.96,0.967947614813032
3.0,1.97,1.0156419475633636
3.0,1.98,0.9863447191708019
3.0,1.99,0.9695371830715771
3.0,2.0,0.9754219818555118
3.0,2.01,0.984641100630816
3.0,2.02,0.9734584882990527
3.0,2.03,1.077344535910914
3.0,2.04,1.0625763689741667
3.0,2.05,1.109771793604664
3.0,2.0599999999999996,1.0687423801290301
3.0,2.07,1.044172129914782
3.0,2.0799999999999996,1.0728833446223462
3.0,2.09,1.0496012564755017
3.0,2.0999999999999996,1.166682029042484
3.0,2.11,1.0855519665082896
3.0,2.1199999999999997,1.1721582833562516
3.0,2.13,1.1520662429110866
3.0,2.1399999999999997,1.15479685769872
3.0,2.15,1.14517728229028
3.0,2.1599999999999997,1.1658285541375375
3.0,2.17,1.1495823259161722
3.0,2.1799999999999997,1.2623716448633793
3.0,2.19,1.1812323841851171
3.0,2.1999999999999997,1.2973864481581967
3.0,2.21,1.2971196540576682
3.0,2.2199999999999998,1.2246535142363777
3.0,2.23,1.2599173371757222
3.0,2.2399999999999998,1.2765645384298492
3.0,2.25,1.2502358266851925
3.0,2.26,1.3791514809207182
3.0,2.27,1.4318700784249918
3.0,2.28,1.3471743532921523
3.0,2.29,1.350495099600244
3.0,2.3,1.5699053493362543
3.0,2.31,1.4979549093279023
3.0,2.32,1.4290125927377841
3.0,2.3299999999999996,1.5802410640602078
3.0,2.34,1.3763627059354027
3.0,2.3499999999999996,1.4719610476743032
3.0,2.36,1.8699633257470243
3.0,2.3699999999999997,1.4922920244192146
3.0,2.38,1.687761901177403
3.0,2.3899999999999997,1.596393735324715
3.0,2.4,1.6242690847799874
3.0,2.4099999999999997,1.841284508745776
3.0,2.42,1.78455220546383
3.0,2.4299999999999997,1.6394372650779616
3.0,2.44,1.6606104491709455
3.0,2.4499999999999997,1.9150937012485787
3.0,2.46,1.7543208848881717
3.0,2.4699999999999998,2.1046049037613486
3.0,2.48,1.9630627454428486
3.0,2.4899999999999998,1.9486439508867803
3.0,2.5,2.225533342039168
3.0,2.51,2.0846506224194523
3.0,2.52,2.0592975608825728
3.0,2.53,2.0500797996496223
3.0,2.54,2.026915131207304
3.0,2.55,2.0507586108612315
3.0,2.56,2.5865226699326542
3.0,2.57,2.3214266370883103
3.0,2.5799999999999996,2.3078610780522055
3.0,2.59,2.431634592508999
3.0,2.5999999999999996,2.8913320381172976
3.0,2.61,2.7276316197617345
3.0,2.6199999999999997,2.7047369653933435
3.0,2.63,2.8162987664584853
3.0,2.6399999999999997,2.7438792403367263
3.0,2.65,2.8131100250682515
3.0,2.6599999999999997,2.701821461792906
3.0,2.67,2.8857855642575956
3.0,2.6799999999999997,3.03417730578986
3.0,2.69,2.8435620979149343
3.0,2.6999999999999997,3.143395363154631
3.0,2.71,3.421983463674733
3.0,2.7199999999999998,4.411614075547498
3.0,2.73,4.178308749160802
3.0,2.7399999999999998,4.6058222909950315
3.0,2.75,4.192082115097865
3.0,2.76,4.2277279666173815
3.0,2.77,5.587792082180883
3.0,2.78,4.318174363649002
3.0,2.79,4.532886800064152
3.0,2.8,4.4486077224773455
3.0,2.81,6.215825571045288
3.0,2.82,5.8765471060419285
3.0,2.8299999999999996,7.11437138578126
3.0,2.84,7.494512827109174
3.0,2.8499999999999996,5.900312043937022
3.0,2.86,7.705774185008867
3.0,2.8699999999999997,9.030668991402665
3.0,2.88,13.03224855113007
3.0,2.8899999999999997,12.81137852037789
3.0,2.9,7.034887302879144
3.0,2.9099999999999997,7.624856247221308
3.0,2.92,11.22703774549677
3.0,2.9299999999999997,9.576476992186395
3.0,2.94,25.200481125020623
3.0,2.9499999999999997,22.602949354810693
3.0,2.96,16.422472853816572
3.0,2.9699999999999998,35.33258890975579
3.0,2.98,42.39958873308981
3.0,2.9899999999999998,42.844287247432725
4.0,0.01,1.8061054709029634
4.0,0.02,1.870286103334489
4.0,0.03,1.7536279627127467
4.0,0.04,1.7724009417042095
4.0,0.05,1.7072894461369168
4.0,0.060000000000000005,1.6847384084253612
4.0,0.06999999999999999,1.5982562440633075
4.0,0.08,1.6107650160263778
4.0,0.09,1.4519148277799332
4.0,0.09999999999999999,1.4526254634197933
4.0,0.11,1.4810813020192275
4.0,0.12,1.3383936915419998
4.0,0.13,1.3198345319865068
4.0,0.14,1.2457866849280388
4.0,0.15000000000000002,1.3244397774195549
4.0,0.16,1.2291607189750826
4.0,0.17,1.226611203098749
4.0,0.18000000000000002,1.2133914663691123
4.0,0.19,1.1658330593030148
4.0,0.2,1.1881695467261284
4.0,0.21000000000000002,1.1523710647410659
4.0,0.22,1.0991073721685505
4.0,0.23,1.0796230971795089
4.0,0.24000000000000002,1.0576685104881216
4.0,0.25,1.07226551187957
4.0,0.26,1.0147361756117954
4.0,0.27,0.9622596847129787
4.0,0.28,0.923979986264074
4.0,0.29000000000000004,0.9477593336068224
4.0,0.3,0.9327132819808465
4.0,0.31,0.9475278554939764
4.0,0.32,0.9187066502066191
4.0,0.33,0.8874499493094435
4.0,0.34,0.894139625945144
4.0,0.35000000000000003,0.8628640034385909
4.0,0.36000000000000004,0.8918770570100998
4.0,0.37,0.8373781438654466
4.0,0.38,0.7926307023045229
4.0,0.39,0.8250451496835222
4.0,0.4,0.812810992362425
4.0,0.41000000000000003,0.8229518241614395
4.0,0.42000000000000004,0.795629407516724
4.0,0.43,0.7613708929583687
4.0,0.44,0.7522996970255511
4.0,0.45,0.7532756197943058
4.0,0.46,0.7251488125700216
4.0,0.47000000000000003,0.7261694740840136
4.0,0.48000000000000004,0.7347700454646419
4.0,0.49,0.7283314668530321
4.0,0.5,0.725852296980468
4.0,0.51,0.7135066261253933
4.0,0.52,0.7006996610077423
4.0,0.53,0.7029443071797177
4.0,0.54,0.6996096406677667
4.0,0.55,0.6706652472693544
4.0,0.56,0.6704304965374716
4.0,0.5700000000000001,0.6416138211003125
4.0,0.5800000000000001,0.6279209473154638
4.0,0.59,0.6633001732112536
4.0,0.6,0.6515676737739393
4.0,0.61,0.6236107592939625
4.0,0.62,0.6322397920350931
4.0,0.63,0.6265474725444713
4.0,0.64,0.6235031167858658
4.0,0.65,0.6200994129554336
4.0,0.66,0.6049288115253286
4.0,0.67,0.6096686600690362
4.0,0.68,0.6017013058456475
4.0,0.6900000000000001,0.6191289489047204
4.0,0.7000000000000001,0.5879325983455918
4.0,0.7100000000000001,0.6099007076029986
4.0,0.72,0.6072158493202424
4.0,0.73,0.5959947337579512
4.0,0.74,0.5806817292144599
4.0,0.75,0.5901480718062916
4.0,0.76,0.5513127120100105
4.0,0.77,0.5783954070245982
4.0,0.78,0.5825083078954294
4.0,0.79,0.6010927799732707
4.0,0.8,0.5698092571639533
4.0,0.81,0.5701398174594587
4.0,0.8200000000000001,0.5825301812431452
4.0,0.8300000000000001,0.5889542998522773
4.0,0.8400000000000001,0.5686982502027008
4.0,0.85,0.5710817237687804
4.0,0.86,0.5675636940424529
4.0,0.87,0.5524358770273261
4.0,0.88,0.5849501339823633
4.0,0.89,0.5660987781863074
4.0,0.9,0.550459563772162
4.0,0.91,0.5651780377115215
4.0,0.92,0.5560945915412325
4.0,0.93,0.549352400592285
4.0,0.9400000000000001,0.5548861118722981
4.0,0.9500000000000001,0.5787637307066904
4.0,0.9600000000000001,0.5749410324801556
4.0,0.97,0.5541244529110757
4.0,0.98,0.5484684174313282
4.0,0.99,0.5575687049642903
4.0,1.0,0.5626542831323738
4.0,1.01,0.556571907071701
4.0,1.02,0.5897424579385885
4.0,1.03,0.573945522659033
4.0,1.04,0.5723497821259321
4.0,1.05,0.5658276232895171
4.0,1.06,0.5723582568922604
4.0,1.07,0.5732674739009934
4.0,1.08,0.5538295260452221
4.0,1.09,0.5616220953487278
4.0,1.1,0.5488885138077122
4.0,1.11,0.5459801350877321
4.0,1.12,0.5804490402898194
4.0,1.1300000000000001,0.559931672619402
4.0,1.1400000000000001,0.5688834989597003
4.0,1.1500000000000001,0.5937321253371993
4.0,1.1600000000000001,0.573239347624852
4.0,1.17,0.5821065116595179
4.0,1.18,0.577895121697023
4.0,1.19,0.5763137717801756
4.0,1.2,0.5790564207435951
4.0,1.21,0.5663195608175173
4.0,1.22,0.5864799804227079
4.0,1.23,0.5954553264063586
4.0,1.24,0.5953502208239831
4.0,1.25,0.5816462593948254
4.0,1.26,0.6031190814745869
4.0,1.27,0.5849640987388323
4.0,1.28,0.5825679463851219
4.0,1.29,0.623093341992836
4.0,1.3,0.6003241413003828
4.0,1.31,0.6090594623383083
4.0,1.32,0.619785036148743
4.0,1.33,0.6022410477733238
4.0,1.34,0.6421897202082538
4.0,1.35,0.6020737461486841
4.0,1.36,0.6211784908623427
4.0,1.37,0.646572637319775
4.0,1.3800000000000001,0.6569614651774042
4.0,1.3900000000000001,0.5985256484926087
4.0,1.4000000000000001,0.6307708889153405
4.0,1.4100000000000001,0.6633449771762795
4.0,1.42,0.6462626860153081
4.0,1.43,0.685962636770182
4.0,1.44,0.6631695872718846
4.0,1.45,0.6382302472448955
4.0,1.46,0.6549630335335239
4.0,1.47,0.6686501471232486
4.0,1.48,0.6831455377956324
4.0,1.49,0.6576270501566028
4.0,1.5,0.6742026585599679
4.0,1.51,0.7025774377920472
4.0,1.52,0.659007780774395
4.0,1.53,0.683954656784643
4.0,1.54,0.703838823327474
4.0,1.55,0.6799311771979553
4.0,1.56,0.6871395538066993
4.0,1.57,0.6978793666584386
4.0,1.58,0.7073674829976337
4.0,1.59,0.6950315720792939
4.0,1.6,0.7301924897001217
4.0,1.61,0.7185734282169789
4.0,1.62,0.7337521877121228
4.0,1.6300000000000001,0.7782936488918482
4.0,1.6400000000000001,0.7351677254242204
4.0,1.6500000000000001,0.7638532365242199
4.0,1.6600000000000001,0.7604840439223186
4.0,1.6700000000000002,0.7467460792838962
4.0,1.68,0.7596741224467787
4.0,1.69,0.7849498121375703
4.0,1.7,0.7840934866931657
4.0,1.71,0.7841004892830062
4.0,1.72,0.7747013940352683
4.0,1.73,0.7934709094059764
4.0,1.74,0.7721282806538383
4.0,1.75,0.7924666561155218
4.0,1.76,0.7796230359869895
4.0,1.77,0.8225120796569558
4.0,1.78,0.8142949315959869
4.0,1.79,0.8287379512957536
4.0,1.8,0.8345399757329037
4.0,1.81,0.8528112087176293
4.0,1.82,0.8057893085234678
4.0,1.83,0.8580257772926384
4.0,1.84,0.8348401017295147
4.0,1.85,0.8575803600810974
4.0,1.86,0.9018789958704012
4.0,1.87,0.8958390906016611
4.0,1.8800000000000001,0.8952583478021939
4.0,1.8900000000000001,0.9434808754659784
4.0,1.9000000000000001,0.9323857967553623
4.0,1.9100000000000001,0.9093335034937341
4.0,1.9200000000000002,0.8840280953712546
4.0,1.93,0.860606635853017
4.0,1.94,0.9307337678127774
4.0,1.95,0.9712205668684952
4.0,1.96,0.8968257355871734
4.0,1.97,0.9868043579219524
4.0,1.98,1.0084891970600862
4.0,1.99,1.019563703410528
4.0,2.0,1.0241944712715805
4.0,2.01,1.06620735417326
4.0,2.02,1.0044442580474213
4.0,2.03,1.0009653999568657
4.0,2.04,1.044178293960376
4.0,2.05,1.0047924552400256
4.0,2.0599999999999996,1.0918185374042169
4.0,2.07,1.0909493740205465
4.0,2.0799999999999996,1.1257083644860295
4.0,2.09,1.0750535862329331
4.0,2.0999999999999996,1.1008179578010657
4.0,2.11,1.1411774079525916
4.0,2.1199999999999997,1.1154426760143787
4.0,2.13,1.167681569129093
4.0,2.1399999999999997,1.2262824928001659
4.0,2.15,1.1182343635762475
4.0,2.1599999999999997,1.2057718344546557
4.0,2.17,1.1279089721155209
4.0,2.1799999999999997,1.301105626821865
4.0,2.19,1.153006755801791
4.0,2.1999999999999997,1.331169558655068
4.0,2.21,1.3968336127785634
4.0,2.2199999999999998,1.2285378091761483
4.0,2.23,1.319632220931164
4.0,2.2399999999999998,1.2353637383958833
4.0,2.25,1.2520567933410938
4.0,2.26,1.4114164044897604
4.0,2.27,1.3364331166540204
4.0,2.28,1.4917595498631209
4.0,2.29,1.411273926913688
4.0,2.3,1.4629344545523653
4.0,2.31,1.448543212364487
4.0,2.32,1.5074504745702675
4.0,2.3299999999999996,1.4246082180223176
4.0,2.34,1.5829352439718505
4.0,2.3499999999999996,1.6794407413142576
4.0,2.36,1.5392860849514136
4.0,2.3699999999999997,1.701673810899536
4.0,2.38,1.656216640917383
4.0,2.3899999999999997,1.6158461062281557
4.0,2.4,1.654570506990484
4.0,2.4099999999999997,1.6256228520626967
4.0,2.42,1.7465776048286306
4.0,2.4299999999999997,1.8033381805874014
4.0,2.44,1.6005452200774917
4.0,2.4499999999999997,2.0320130191711345
4.0,2.46,1.770460837143206
4.0,2.4699999999999998,1.8833605708337584
4.0,2.48,2.2163737897107363
4.0,2.4899999999999998,2.037493509848665
4.0,2.5,2.0741480211477774
4.0,2.51,2.1279546018729634
4.0,2.52,2.102259054247285
4.0,2.53,2.2046677752712553
4.0,2.54,2.1297347599890304
4.0,2.55,1.9015797539088772
4.0,2.56,2.5632252597099967
4.0,2.57,2.703499948383662
4.0,2.5799999999999996,2.0218740394517214
4.0,2.59,2.1645883812347284
4.0,2.5999999999999996,2.4001606813285363
4.0,2.61,2.764272330057576
4.0,2.6199999999999997,2.8403157128563867
4.0,2.63,2.8949302003805397
4.0,2.6399999999999997,2.640741561050659
4.0,2.65,2.5043652198858033
4.0,2.6599999999999997,3.1334748391117513
4.0,2.67,3.4234085809608805
4.0,2.6799999999999997,2.664140983794321
4.0,2.69,3.117978920966683
4.0,2.6999999999999997,2.8378429430700285
4.0,2.71,2.730473615605904
4.0,2.7199999999999998,3.4800263557142213
4.0,2.73,3.6390987226981477
4.0,2.7399999999999998,4.185238073807649
4.0,2.75,4.4652668703167
4.0,2.76,3.7819153436624084
4.0,2.77,4.482028724575342
4.0,2.78,4.787311172815131
4.0,2.79,5.569403771695573
4.0,2.8,5.522166172556417
4.0,2.81,4.289846421618185
4.0,2.82,5.472897162048987
4.0,2.8299999999999996,7.370839792216565
4.0,2.84,6.192139984443834
4.0,2.8499999999999996,7.5391611554612545
4.0,2.86,8.573348009839721
4.0,2.8699999999999997,9.646046827179363
4.0,2.88,10.228814645246844
4.0,2.8899999999999997,8.825139711006074
4.0,2.9,7.445616801399606
4.0,2.9099999999999997,23.101005450440095
4.0,2.92,18.065492381491083
4.0,2.9299999999999997,10.21790753092308
4.0,2.94,8.469742901673579
4.0,2.9499999999999997,37.65527987953538
4.0,2.96,31.81681695556963
4.0,2.9699999999999998,36.04786038289686
4.0,2.98,34.11868163299844
4.0,2.9899999999999998,28.69034209254681
5.0,0.01,2.001940834005408
5.0,0.02,1.7598956660257672
5.0,0.03,1.756695053468847
5.0,0.04,1.7056278423148363
5.0,0.05,1.6178927632035014
5.0,0.060000000000000005,1.5933966687195416
5.0,0.06999999999999999,1.483623703613725
5.0,0.08,1.5072518721490333
5.0,0.09,1.3996436517933637
5.0,0.09999999999999999,1.32922203765284
5.0,0.11,1.3403396376728232
5.0,0.12,1.2932280588839953
5.0,0.13,1.2074633341988483
5.0,0.14,1.2127014807321352
5.0,0.15000000000000002,1.2038073696716078
5.0,0.16,1.093127149912141
5.0,0.17,1.1275413542343815
5.0,0.18000000000000002,1.042324309265364
5.0,0.19,1.0560576563306228
5.0,0.2,1.0220428040884764
5.0,0.21000000000000002,1.008044007901126
5.0,0.22,0.9687032109925922
5.0,0.23,0.9462602316326956
5.0,0.24000000000000002,0.9300419054289162
5.0,0.25,0.9035054486003495
5.0,0.26,0.8950571767975404
5.0,0.27,0.8572538759376717
5.0,0.28,0.8549808258579763
5.0,0.29000000000000004,0.8460122447376908
5.0,0.3,0.7983437124385228
5.0,0.31,0.8249953915991939
5.0,0.32,0.7730513167050751
5.0,0.33,0.754060906535523
5.0,0.34,0.7348499817658734
5.0,0.35000000000000003,0.7493196146285486
5.0,0.36000000000000004,0.7032682307851139
5.0,0.37,0.7164460081873334
5.0,0.38,0.7188006249567993
5.0,0.39,0.6783850902293219
5.0,0.4,0.6853304448873305
5.0,0.41000000000000003,0.6836202731754177
5.0,0.42000000000000004,0.6440367567858438
5.0,0.43,0.6389549665075811
5.0,0.44,0.6192814838651819
5.0,0.45,0.6731289036282059
5.0,0.46,0.6331132048763868
5.0,0.47000000000000003,0.5936052609555793
5.0,0.48000000000000004,0.6009391693439964
5.0,0.49,0.5887697761128359
5.0,0.5,0.6255512062094831
5.0,0.51,0.5443282549274996
5.0,0.52,0.5818089140740007
5.0,0.53,0.6046048738966086
5.0,0.54,0.5652328922768776
5.0,0.55,0.5944003307859623
5.0,0.56,0.5699128707169661
5.0,0.5700000000000001,0.5280076381740582
5.0,0.5800000000000001,0.5664711636993781
5.0,0.59,0.5292936165418837
5.0,0.6,0.5425153824566542
5.0,0.61,0.5371797180155882
5.0,0.62,0.5479594972277239
5.0,0.63,0.538919263784448
5.0,0.64,0.5351122803378409
5.0,0.65,0.560206757934627
5.0,0.66,0.507385704523416
5.0,0.67,0.5133187395050222
5.0,0.68,0.5208068292336218
5.0,0.6900000000000001,0.5307178013260048
5.0,0.7000000000000001,0.5157749644400594
5.0,0.7100000000000001,0.49982792999582537
5.0,0.72,0.5271937190871887
5.0,0.73,0.49889516182316657
5.0,0.74,0.5144128755116663
5.0,0.75,0.500968698937065
5.0,0.76,0.5226357704057053
5.0,0.77,0.4948947353600329
5.0,0.78,0.5199542726147409
5.0,0.79,0.500986686362923
5.0,0.8,0.5059086767072982
5.0,0.81,0.5066288566967321
5.0,0.8200000000000001,0.49479473449497113
5.0,0.8300000000000001,0.48726177453324016
5.0,0.8400000000000001,0.5212781457664943
5.0,0.85,0.5202036886299903
5.0,0.86,0.5121941550350292
5.0,0.87,0.5093869810268158
5.0,0.88,0.5223501601572902
5.0,0.89,0.49287686454492113
5.0,0.9,0.5063780627554789
5.0,0.91,0.5027833395407016
5.0,0.92,0.508533132677765
5.0,0.93,0.5092951680828824
5.0,0.9400000000000001,0.5095968032226852
5.0,0.9500000000000001,0.5106823095138459
5.0,0.9600000000000001,0.515827282040492
5.0,0.97,0.5227000797858632
5.0,0.98,0.5162564331843553
5.0,0.99,0.5161371810519281
5.0,1.0,0.5100693268038727
5.0,1.01,0.5365279180292288
5.0,1.02,0.510681148566098
5.0,1.03,0.5252060922964547
5.0,1.04,0.5187116461116363
5.0,1.05,0.5420318522237724
5.0,1.06,0.5320407575525461
5.0,1.07,0.5473563187818712
5.0,1.08,0.5337003690097695
5.0,1.09,0.5684151791195363
5.0,1.1,0.5227020472906899
5.0,1.11,0.5529643432480413
5.0,1.12,0.5418687888258852
5.0,1.1300000000000001,0.5362990463098924
5.0,1.1400000000000001,0.5513299357349599
5.0,1.1500000000000001,0.5461958038900459
5.0,1.1600000000000001,0.5793351990790055
5.0,1.17,0.5583751843374907
5.0,1.18,0.5593457605920205
5.0,1.19,0.5797833220617803
5.0,1.2,0.5798121092652808
5.0,1.21,0.5546647639328914
5.0,1.22,0.5714199896038933
5.0,1.23,0.5668801384671653
5.0,1.24,0.5875601153935777
5.0,1.25,0.5960803683360847
5.0,1.26,0.5773392756565249
5.0,1.27,0.5756962005442561
5.0,1.28,0.5816720730250932
5.0,1.29,0.5724380797106989
5.0,1.3,0.5968114901370501
5.0,1.31,0.6084218254736309
5.0,1.32,0.6192156307632277
5.0,1.33,0.6095154037527803
5.0,1.34,0.6132832362400027
5.0,1.35,0.6169196440295063
5.0,1.36,0.5992097112078818
5.0,1.37,0.6062075155252268
5.0,1.3800000000000001,0.57962632092758
5.0,1.3900000000000001,0.6085323911278638
5.0,1.4000000000000001,0.5978100530573421
5.0,1.4100000000000001,0.6203524358761284
5.0,1.42,0.6441804817556154
5.0,1.43,0.6314346377700885
5.0,1.44,0.6568959888606712
5.0,1.45,0.6684538280741779
5.0,1.46,0.6239411491800807
5.0,1.47,0.6793661771013485
5.0,1.48,0.6775997796239679
5.0,1.49,0.6586513523545688
5.0,1.5,0.6852480851245909
5.0,1.51,0.686506104742787
5.0,1.52,0.6907627247395226
5.0,1.53,0.676456267804617
5.0,1.54,0.6902583602255342
5.0,1.55,0.71033902446098
5.0,1.56,0.6908895792109805
5.0,1.57,0.7064151282132877
5.0,1.58,0.6897328546014524
5.0,1.59,0.7484498865192634
5.0,1.6,0.7100097756632848
5.0,1.61,0.7324279676701745
5.0,1.62,0.7639297550597505
5.0,1.6300000000000001,0.7487114378631552
5.0,1.6400000000000001,0.7330550993670176
5.0,1.6500000000000001,0.7574246297724432
5.0,1.6600000000000001,0.7211076156591669
5.0,1.6700000000000002,0.7656792692864616
5.0,1.68,0.8048515970792833
5.0,1.69,0.7872265842761033
5.0,1.7,0.7530145858092289
5.0,1.71,0.80211217851547
5.0,1.72,0.8194960278090685
5.0,1.73,0.7837780494699494
5.0,1.74,0.7916680185196163
5.0,1.75,0.8343390248411653
5.0,1.76,0.7853922197476688
5.0,1.77,0.7849808442371364
5.0,1.78,0.870036230896662
5.0,1.79,0.8173174481855234
5.0,1.8,0.8708856242873311
5.0,1.81,0.8355509700469482
5.0,1.82,0.9108497404853616
5.0,1.83,0.8706195800646758
5.0,1.84,0.8271283248360881
5.0,1.85,0.8806124962208592
5.0,1.86,0.8762212234124864
5.0,1.87,0.8846404853250037
5.0,1.8800000000000001,0.9370013377621161
5.0,1.8900000000000001,0.9123546430300541
5.0,1.9000000000000001,0.8920590265589347
5.0,1.9100000000000001,0.938649916806303
5.0,1.9200000000000002,0.9366060953725988
5.0,1.93,0.9904654809240405
5.0,1.94,0.9562167688291846
5.0,1.95,0.8925411411540013
5.0,1.96,0.9223987926377013
5.0,1.97,0.9110550385532352
5.0,1.98,0.9746851554623857
5.0,1.99,1.0097551864571455
5.0,2.0,1.0467839467928277
5.0,2.01,0.9907921039035085
5.0,2.02,1.0277249688913415
5.0,2.03,1.0246759816573752
5.0,2.04,1.0381102261555393
5.0,2.05,1.0328096222235532
5.0,2.0599999999999996,1.0814224671209465
5.0,2.07,1.098553777994254
5.0,2.0799999999999996,1.0555182291505076
5.0,2.09,1.12853152335688
5.0,2.0999999999999996,1.1043131800849395
5.0,2.11,1.135025707984663
5.0,2.1199999999999997,1.1061417557199462
5.0,2.13,1.1738104057626553
5.0,2.1399999999999997,1.1766125657939885
5.0,2.15,1.1510607673514002
5.0,2.1599999999999997,1.1825339319334671
5.0,2.17,1.1296479685286103
5.0,2.1799999999999997,1.2075118878580489
5.0,2.19,1.1772663344315806
5.0,2.1999999999999997,1.2237585184931812
5.0,2.21,1.2881125760072558
5.0,2.2199999999999998,1.2667949388931794
5.0,2.23,1.2859953983172154
5.0,2.2399999999999998,1.3434145528664097
5.0,2.25,1.351042642142328
5.0,2.26,1.384300293296981
5.0,2.27,1.4210872661234817
5.0,2.28,1.372401211487362
5.0,2.29,1.5039899143705988
5.0,2.3,1.431149913324594
5.0,2.31,1.4277254650304683
5.0,2.32,1.6209740189341615
5.0,2.3299999999999996,1.5955689608253085
5.0,2.34,1.3994514447560542
5.0,2.3499999999999996,1.4082240644439314
5.0,2.36,1.5304551510131876
5.0,2.3699999999999997,1.562761015181223
5.0,2.38,1.662540652737361
5.0,2.3899999999999997,1.7587444462559239
5.0,2.4,1.6124238445661752
5.0,2.4099999999999997,1.824556887340608
5.0,2.42,1.8398668497042037
5.0,2.4299999999999997,1.8038788592986401
5.0,2.44,1.8482285817878328
5.0,2.4499999999999997,1.7319568542848756
5.0,2.46,1.873618112090549
5.0,2.4699999999999998,1.7775460567920687
5.0,2.48,1.929426097295949
5.0,2.4899999999999998,2.0036510758143744
5.0,2.5,1.9611509770684454
5.0,2.51,1.9170635577119681
5.0,2.52,2.1866248281457543
5.0,2.53,2.0195402746880795
5.0,2.54,2.014597630401896
5.0,2.55,2.0813880410659844
5.0,2.56,2.3466257289418424
5.0,2.57,2.5536562626451156
5.0,2.5799999999999996,2.696516067039405
5.0,2.59,2.2847619424478185
5.0,2.5999999999999996,2.4150737925331054
5.0,2.61,2.674281497333108
5.0,2.6199999999999997,2.5898564545023937
5.0,2.63,3.049537609967017
5.0,2.6399999999999997,2.4844494012718537
5.0,2.65,2.975489009080005
5.0,2.6599999999999997,2.503657443787175
5.0,2.67,3.086906538199568
5.0,2.6799999999999997,3.193958283657372
5.0,2.69,3.071171378671759
5.0,2.6999999999999997,3.4111992184737088
5.0,2.71,3.314539508797303
5.0,2.7199999999999998,3.4720190630537937
5.0,2.73,3.492039802855599
5.0,2.7399999999999998,3.703974342054122
5.0,2.75,3.917147838392493
5.0,2.76,4.764845956222019
5.0,2.77,4.415391580096013
5.0,2.78,4.427886920759846
5.0,2.79,3.9517214251164265
5.0,2.8,5.245488667238769
5.0,2.81,4.219465628863677
5.0,2.82,3.979824189796995
5.0,2.8299999999999996,6.089738428925421
5.0,2.84,5.96068251337167
5.0,2.8499999999999996,5.400043753838029
5.0,2.86,6.545396700936014
5.0,2.8699999999999997,6.893044633388341
5.0,2.88,8.573967547536245
5.0,2.8899999999999997,9.7008517367177
5.0,2.9,7.876709282103926
5.0,2.9099999999999997,7.062753892518247
5.0,2.92,11.622179174933162
5.0,2.9299999999999997,8.637131618600078
5.0,2.94,12.517209713181758
5.0,2.9499999999999997,14.639170193980918
5.0,2.96,9.973337368397317
5.0,2.9699999999999998,16.670878467571704
5.0,2.98,26.22868295222499
5.0,2.9899999999999998,14.697725470461515
